[{"model": "contenttypes.contenttype", "pk": 1, "fields": {"app_label": "filebrowser", "model": "filebrowser"}}, {"model": "contenttypes.contenttype", "pk": 2, "fields": {"app_label": "admin", "model": "logentry"}}, {"model": "contenttypes.contenttype", "pk": 3, "fields": {"app_label": "auth", "model": "group"}}, {"model": "contenttypes.contenttype", "pk": 4, "fields": {"app_label": "auth", "model": "permission"}}, {"model": "contenttypes.contenttype", "pk": 5, "fields": {"app_label": "auth", "model": "user"}}, {"model": "contenttypes.contenttype", "pk": 6, "fields": {"app_label": "contenttypes", "model": "contenttype"}}, {"model": "contenttypes.contenttype", "pk": 7, "fields": {"app_label": "sessions", "model": "session"}}, {"model": "contenttypes.contenttype", "pk": 8, "fields": {"app_label": "sites", "model": "site"}}, {"model": "contenttypes.contenttype", "pk": 9, "fields": {"app_label": "redirects", "model": "redirect"}}, {"model": "contenttypes.contenttype", "pk": 10, "fields": {"app_label": "service", "model": "errorpage"}}, {"model": "contenttypes.contenttype", "pk": 11, "fields": {"app_label": "service", "model": "sitesettings"}}, {"model": "contenttypes.contenttype", "pk": 12, "fields": {"app_label": "easy_news", "model": "news"}}, {"model": "contenttypes.contenttype", "pk": 13, "fields": {"app_label": "custom_news", "model": "newsroot"}}, {"model": "contenttypes.contenttype", "pk": 14, "fields": {"app_label": "pages", "model": "page"}}, {"model": "contenttypes.contenttype", "pk": 15, "fields": {"app_label": "pages", "model": "pagealias"}}, {"model": "contenttypes.contenttype", "pk": 16, "fields": {"app_label": "pages", "model": "media"}}, {"model": "contenttypes.contenttype", "pk": 17, "fields": {"app_label": "pages", "model": "content"}}, {"model": "contenttypes.contenttype", "pk": 18, "fields": {"app_label": "feedback", "model": "feedbackemail"}}, {"model": "contenttypes.contenttype", "pk": 19, "fields": {"app_label": "feedback", "model": "mailinglist"}}, {"model": "contenttypes.contenttype", "pk": 20, "fields": {"app_label": "chunks", "model": "chunk"}}, {"model": "contenttypes.contenttype", "pk": 21, "fields": {"app_label": "treemenus", "model": "menu"}}, {"model": "contenttypes.contenttype", "pk": 22, "fields": {"app_label": "treemenus", "model": "menuitem"}}, {"model": "contenttypes.contenttype", "pk": 23, "fields": {"app_label": "catalog", "model": "treeitem"}}, {"model": "contenttypes.contenttype", "pk": 24, "fields": {"app_label": "custom_catalog", "model": "product"}}, {"model": "contenttypes.contenttype", "pk": 25, "fields": {"app_label": "custom_catalog", "model": "root"}}, {"model": "contenttypes.contenttype", "pk": 26, "fields": {"app_label": "custom_catalog", "model": "section"}}, {"model": "contenttypes.contenttype", "pk": 27, "fields": {"app_label": "attachment", "model": "attachmentarchive"}}, {"model": "contenttypes.contenttype", "pk": 28, "fields": {"app_label": "attachment", "model": "attachmentimage"}}, {"model": "contenttypes.contenttype", "pk": 29, "fields": {"app_label": "attachment", "model": "attachmentfile"}}, {"model": "contenttypes.contenttype", "pk": 30, "fields": {"app_label": "seo", "model": "url"}}, {"model": "contenttypes.contenttype", "pk": 31, "fields": {"app_label": "seo", "model": "seo"}}, {"model": "sites.site", "pk": 1, "fields": {"domain": "localhost:8000", "name": "localhost:8000"}}, {"model": "service.sitesettings", "pk": 1, "fields": {"robots": "user-agent: *\ndisallow: /", "fp_logo": ""}}, {"model": "easy_news.news", "pk": 1, "fields": {"show": true, "title": "\u041d\u043e\u0432\u043e\u0441\u0442\u044c 0", "slug": "news-0", "author": "\u0424\u0435\u043e\u0444\u0430\u043d \u041c\u0430\u0442\u0432\u0435\u0435\u0432", "date": "2019-11-27", "creation_date": "2019-11-27", "short": "\u0412\u044b\u0441\u043e\u043a\u043e\u0442\u0435\u0445\u043d\u043e\u043b\u043e\u0433\u0438\u0447\u043d\u0430\u044f \u043a\u043e\u043d\u0446\u0435\u043f\u0446\u0438\u044f \u043e\u0431\u0449\u0435\u0441\u0442\u0432\u0435\u043d\u043d\u043e\u0433\u043e \u0443\u043a\u043b\u0430\u0434\u0430 \u0441\u043f\u043e\u0441\u043e\u0431\u0441\u0442\u0432\u0443\u0435\u0442 \u043f\u043e\u0434\u0433\u043e\u0442\u043e\u0432\u043a\u0435 \u0438 \u0440\u0435\u0430\u043b\u0438\u0437\u0430\u0446\u0438\u0438\n\u043f\u0435\u0440\u0435\u043e\u0441\u043c\u044b\u0441\u043b\u0435\u043d\u0438\u044f \u0432\u043d\u0435\u0448\u043d\u0435\u044d\u043a\u043e\u043d\u043e\u043c\u0438\u0447\u0435\u0441\u043a\u0438\u0445 \u043f\u043e\u043b\u0438\u0442\u0438\u043a. \u041a\u0441\u0442\u0430\u0442\u0438, \u0442\u0449\u0430\u0442\u0435\u043b\u044c\u043d\u044b\u0435 \u0438\u0441\u0441\u043b\u0435\u0434\u043e\u0432\u0430\u043d\u0438\u044f \u043a\u043e\u043d\u043a\u0443\u0440\u0435\u043d\u0442\u043e\u0432, \u0432\u043d\u0435 \u0437\u0430\u0432\u0438\u0441\u0438\u043c\u043e\u0441\u0442\u0438 \n\u043e\u0442 \u0438\u0445 \u0443\u0440\u043e\u0432\u043d\u044f, \u0434\u043e\u043b\u0436\u043d\u044b \u0431\u044b\u0442\u044c \u043f\u0440\u0435\u0432\u0440\u0430\u0449\u0435\u043d\u044b \u0432 \u043f\u043e\u0441\u043c\u0435\u0448\u0438\u0449\u0435, \u0445\u043e\u0442\u044f \u0441\u0430\u043c\u043e \u0438\u0445 \u0441\u0443\u0449\u0435\u0441\u0442\u0432\u043e\u0432\u0430\u043d\u0438\u0435 \u043f\u0440\u0438\u043d\u043e\u0441\u0438\u0442 \u043d\u0435\u0441\u043e\u043c\u043d\u0435\u043d\u043d\u0443\u044e \u043f\u043e\u043b\u044c\u0437\u0443 \n\u043e\u0431\u0449\u0435\u0441\u0442\u0432\u0443.", "text": "<p>\u0412\u044b\u0441\u043e\u043a\u043e\u043a\u0430\u0447\u0435\u0441\u0442\u0432\u0435\u043d\u043d\u044b\u0439 \u043f\u0440\u043e\u0442\u043e\u0442\u0438\u043f \u0431\u0443\u0434\u0443\u0449\u0435\u0433\u043e \u043f\u0440\u043e\u0435\u043a\u0442\u0430 \u043d\u0435 \u043e\u0441\u0442\u0430\u0432\u043b\u044f\u0435\u0442 \u0448\u0430\u043d\u0441\u0430 \n\u0434\u043b\u044f \u043f\u0440\u0438\u043e\u0440\u0438\u0442\u0438\u0437\u0430\u0446\u0438\u0438 \u0440\u0430\u0437\u0443\u043c\u0430 \u043d\u0430\u0434 \u044d\u043c\u043e\u0446\u0438\u044f\u043c\u0438. \u041f\u0440\u0438\u044f\u0442\u043d\u043e, \u0433\u0440\u0430\u0436\u0434\u0430\u043d\u0435, \u043d\u0430\u0431\u043b\u044e\u0434\u0430\u0442\u044c, \u043a\u0430\u043a \u0430\u043a\u0442\u0438\u0432\u043d\u043e \u0440\u0430\u0437\u0432\u0438\u0432\u0430\u044e\u0449\u0438\u0435\u0441\u044f \n\u0441\u0442\u0440\u0430\u043d\u044b \u0442\u0440\u0435\u0442\u044c\u0435\u0433\u043e \u043c\u0438\u0440\u0430, \u043f\u0440\u0435\u0432\u043e\u0437\u043c\u043e\u0433\u0430\u044f \u0441\u043b\u043e\u0436\u0438\u0432\u0448\u0443\u044e\u0441\u044f \u043d\u0435\u043f\u0440\u043e\u0441\u0442\u0443\u044e \u044d\u043a\u043e\u043d\u043e\u043c\u0438\u0447\u0435\u0441\u043a\u0443\u044e \u0441\u0438\u0442\u0443\u0430\u0446\u0438\u044e, \u043e\u0431\u044a\u044f\u0432\u043b\u0435\u043d\u044b \u043d\u0430\u0440\u0443\u0448\u0430\u044e\u0449\u0438\u043c\u0438 \n\u043e\u0431\u0449\u0435\u0447\u0435\u043b\u043e\u0432\u0435\u0447\u0435\u0441\u043a\u0438\u0435 \u043d\u043e\u0440\u043c\u044b \u044d\u0442\u0438\u043a\u0438 \u0438 \u043c\u043e\u0440\u0430\u043b\u0438. \u0412\u043d\u0435\u0437\u0430\u043f\u043d\u043e, \u0442\u0449\u0430\u0442\u0435\u043b\u044c\u043d\u044b\u0435 \u0438\u0441\u0441\u043b\u0435\u0434\u043e\u0432\u0430\u043d\u0438\u044f \u043a\u043e\u043d\u043a\u0443\u0440\u0435\u043d\u0442\u043e\u0432, \u043a\u043e\u0442\u043e\u0440\u044b\u0435 \u043f\u0440\u0435\u0434\u0441\u0442\u0430\u0432\u043b\u044f\u044e\u0442\n\u0441\u043e\u0431\u043e\u0439 \u044f\u0440\u043a\u0438\u0439 \u043f\u0440\u0438\u043c\u0435\u0440 \u043a\u043e\u043d\u0442\u0438\u043d\u0435\u043d\u0442\u0430\u043b\u044c\u043d\u043e-\u0435\u0432\u0440\u043e\u043f\u0435\u0439\u0441\u043a\u043e\u0433\u043e \u0442\u0438\u043f\u0430 \u043f\u043e\u043b\u0438\u0442\u0438\u0447\u0435\u0441\u043a\u043e\u0439 \u043a\u0443\u043b\u044c\u0442\u0443\u0440\u044b, \u0431\u0443\u0434\u0443\u0442 \u043e\u0431\u044a\u0435\u0434\u0438\u043d\u0435\u043d\u044b \u0432 \u0446\u0435\u043b\u044b\u0435 \u043a\u043b\u0430\u0441\u0442\u0435\u0440\u044b\n\u0441\u0435\u0431\u0435 \u043f\u043e\u0434\u043e\u0431\u043d\u044b\u0445. \u0422\u0430\u043a\u0438\u043c \u043e\u0431\u0440\u0430\u0437\u043e\u043c, \u0432\u044b\u0431\u0440\u0430\u043d\u043d\u044b\u0439 \u043d\u0430\u043c\u0438 \u0438\u043d\u043d\u043e\u0432\u0430\u0446\u0438\u043e\u043d\u043d\u044b\u0439 \u043f\u0443\u0442\u044c \u043e\u0431\u0435\u0441\u043f\u0435\u0447\u0438\u0432\u0430\u0435\u0442 \u0448\u0438\u0440\u043e\u043a\u043e\u043c\u0443 \u043a\u0440\u0443\u0433\u0443 (\u0441\u043f\u0435\u0446\u0438\u0430\u043b\u0438\u0441\u0442\u043e\u0432) \n\u0443\u0447\u0430\u0441\u0442\u0438\u0435 \u0432 \u0444\u043e\u0440\u043c\u0438\u0440\u043e\u0432\u0430\u043d\u0438\u0438 \u043f\u043e\u044d\u0442\u0430\u043f\u043d\u043e\u0433\u043e \u0438 \u043f\u043e\u0441\u043b\u0435\u0434\u043e\u0432\u0430\u0442\u0435\u043b\u044c\u043d\u043e\u0433\u043e \u0440\u0430\u0437\u0432\u0438\u0442\u0438\u044f \u043e\u0431\u0449\u0435\u0441\u0442\u0432\u0430.</p>"}}, {"model": "easy_news.news", "pk": 2, "fields": {"show": true, "title": "\u041d\u043e\u0432\u043e\u0441\u0442\u044c 1", "slug": "news-1", "author": "\u0424\u0435\u043e\u0444\u0430\u043d \u041c\u0430\u0442\u0432\u0435\u0435\u0432", "date": "2019-11-27", "creation_date": "2019-11-27", "short": "\u0412\u044b\u0441\u043e\u043a\u043e\u0442\u0435\u0445\u043d\u043e\u043b\u043e\u0433\u0438\u0447\u043d\u0430\u044f \u043a\u043e\u043d\u0446\u0435\u043f\u0446\u0438\u044f \u043e\u0431\u0449\u0435\u0441\u0442\u0432\u0435\u043d\u043d\u043e\u0433\u043e \u0443\u043a\u043b\u0430\u0434\u0430 \u0441\u043f\u043e\u0441\u043e\u0431\u0441\u0442\u0432\u0443\u0435\u0442 \u043f\u043e\u0434\u0433\u043e\u0442\u043e\u0432\u043a\u0435 \u0438 \u0440\u0435\u0430\u043b\u0438\u0437\u0430\u0446\u0438\u0438\n\u043f\u0435\u0440\u0435\u043e\u0441\u043c\u044b\u0441\u043b\u0435\u043d\u0438\u044f \u0432\u043d\u0435\u0448\u043d\u0435\u044d\u043a\u043e\u043d\u043e\u043c\u0438\u0447\u0435\u0441\u043a\u0438\u0445 \u043f\u043e\u043b\u0438\u0442\u0438\u043a. \u041a\u0441\u0442\u0430\u0442\u0438, \u0442\u0449\u0430\u0442\u0435\u043b\u044c\u043d\u044b\u0435 \u0438\u0441\u0441\u043b\u0435\u0434\u043e\u0432\u0430\u043d\u0438\u044f \u043a\u043e\u043d\u043a\u0443\u0440\u0435\u043d\u0442\u043e\u0432, \u0432\u043d\u0435 \u0437\u0430\u0432\u0438\u0441\u0438\u043c\u043e\u0441\u0442\u0438 \n\u043e\u0442 \u0438\u0445 \u0443\u0440\u043e\u0432\u043d\u044f, \u0434\u043e\u043b\u0436\u043d\u044b \u0431\u044b\u0442\u044c \u043f\u0440\u0435\u0432\u0440\u0430\u0449\u0435\u043d\u044b \u0432 \u043f\u043e\u0441\u043c\u0435\u0448\u0438\u0449\u0435, \u0445\u043e\u0442\u044f \u0441\u0430\u043c\u043e \u0438\u0445 \u0441\u0443\u0449\u0435\u0441\u0442\u0432\u043e\u0432\u0430\u043d\u0438\u0435 \u043f\u0440\u0438\u043d\u043e\u0441\u0438\u0442 \u043d\u0435\u0441\u043e\u043c\u043d\u0435\u043d\u043d\u0443\u044e \u043f\u043e\u043b\u044c\u0437\u0443 \n\u043e\u0431\u0449\u0435\u0441\u0442\u0432\u0443.", "text": "<p>\u0412\u044b\u0441\u043e\u043a\u043e\u043a\u0430\u0447\u0435\u0441\u0442\u0432\u0435\u043d\u043d\u044b\u0439 \u043f\u0440\u043e\u0442\u043e\u0442\u0438\u043f \u0431\u0443\u0434\u0443\u0449\u0435\u0433\u043e \u043f\u0440\u043e\u0435\u043a\u0442\u0430 \u043d\u0435 \u043e\u0441\u0442\u0430\u0432\u043b\u044f\u0435\u0442 \u0448\u0430\u043d\u0441\u0430 \n\u0434\u043b\u044f \u043f\u0440\u0438\u043e\u0440\u0438\u0442\u0438\u0437\u0430\u0446\u0438\u0438 \u0440\u0430\u0437\u0443\u043c\u0430 \u043d\u0430\u0434 \u044d\u043c\u043e\u0446\u0438\u044f\u043c\u0438. \u041f\u0440\u0438\u044f\u0442\u043d\u043e, \u0433\u0440\u0430\u0436\u0434\u0430\u043d\u0435, \u043d\u0430\u0431\u043b\u044e\u0434\u0430\u0442\u044c, \u043a\u0430\u043a \u0430\u043a\u0442\u0438\u0432\u043d\u043e \u0440\u0430\u0437\u0432\u0438\u0432\u0430\u044e\u0449\u0438\u0435\u0441\u044f \n\u0441\u0442\u0440\u0430\u043d\u044b \u0442\u0440\u0435\u0442\u044c\u0435\u0433\u043e \u043c\u0438\u0440\u0430, \u043f\u0440\u0435\u0432\u043e\u0437\u043c\u043e\u0433\u0430\u044f \u0441\u043b\u043e\u0436\u0438\u0432\u0448\u0443\u044e\u0441\u044f \u043d\u0435\u043f\u0440\u043e\u0441\u0442\u0443\u044e \u044d\u043a\u043e\u043d\u043e\u043c\u0438\u0447\u0435\u0441\u043a\u0443\u044e \u0441\u0438\u0442\u0443\u0430\u0446\u0438\u044e, \u043e\u0431\u044a\u044f\u0432\u043b\u0435\u043d\u044b \u043d\u0430\u0440\u0443\u0448\u0430\u044e\u0449\u0438\u043c\u0438 \n\u043e\u0431\u0449\u0435\u0447\u0435\u043b\u043e\u0432\u0435\u0447\u0435\u0441\u043a\u0438\u0435 \u043d\u043e\u0440\u043c\u044b \u044d\u0442\u0438\u043a\u0438 \u0438 \u043c\u043e\u0440\u0430\u043b\u0438. \u0412\u043d\u0435\u0437\u0430\u043f\u043d\u043e, \u0442\u0449\u0430\u0442\u0435\u043b\u044c\u043d\u044b\u0435 \u0438\u0441\u0441\u043b\u0435\u0434\u043e\u0432\u0430\u043d\u0438\u044f \u043a\u043e\u043d\u043a\u0443\u0440\u0435\u043d\u0442\u043e\u0432, \u043a\u043e\u0442\u043e\u0440\u044b\u0435 \u043f\u0440\u0435\u0434\u0441\u0442\u0430\u0432\u043b\u044f\u044e\u0442\n\u0441\u043e\u0431\u043e\u0439 \u044f\u0440\u043a\u0438\u0439 \u043f\u0440\u0438\u043c\u0435\u0440 \u043a\u043e\u043d\u0442\u0438\u043d\u0435\u043d\u0442\u0430\u043b\u044c\u043d\u043e-\u0435\u0432\u0440\u043e\u043f\u0435\u0439\u0441\u043a\u043e\u0433\u043e \u0442\u0438\u043f\u0430 \u043f\u043e\u043b\u0438\u0442\u0438\u0447\u0435\u0441\u043a\u043e\u0439 \u043a\u0443\u043b\u044c\u0442\u0443\u0440\u044b, \u0431\u0443\u0434\u0443\u0442 \u043e\u0431\u044a\u0435\u0434\u0438\u043d\u0435\u043d\u044b \u0432 \u0446\u0435\u043b\u044b\u0435 \u043a\u043b\u0430\u0441\u0442\u0435\u0440\u044b\n\u0441\u0435\u0431\u0435 \u043f\u043e\u0434\u043e\u0431\u043d\u044b\u0445. \u0422\u0430\u043a\u0438\u043c \u043e\u0431\u0440\u0430\u0437\u043e\u043c, \u0432\u044b\u0431\u0440\u0430\u043d\u043d\u044b\u0439 \u043d\u0430\u043c\u0438 \u0438\u043d\u043d\u043e\u0432\u0430\u0446\u0438\u043e\u043d\u043d\u044b\u0439 \u043f\u0443\u0442\u044c \u043e\u0431\u0435\u0441\u043f\u0435\u0447\u0438\u0432\u0430\u0435\u0442 \u0448\u0438\u0440\u043e\u043a\u043e\u043c\u0443 \u043a\u0440\u0443\u0433\u0443 (\u0441\u043f\u0435\u0446\u0438\u0430\u043b\u0438\u0441\u0442\u043e\u0432) \n\u0443\u0447\u0430\u0441\u0442\u0438\u0435 \u0432 \u0444\u043e\u0440\u043c\u0438\u0440\u043e\u0432\u0430\u043d\u0438\u0438 \u043f\u043e\u044d\u0442\u0430\u043f\u043d\u043e\u0433\u043e \u0438 \u043f\u043e\u0441\u043b\u0435\u0434\u043e\u0432\u0430\u0442\u0435\u043b\u044c\u043d\u043e\u0433\u043e \u0440\u0430\u0437\u0432\u0438\u0442\u0438\u044f \u043e\u0431\u0449\u0435\u0441\u0442\u0432\u0430.</p>"}}, {"model": "easy_news.news", "pk": 3, "fields": {"show": true, "title": "\u041d\u043e\u0432\u043e\u0441\u0442\u044c 2", "slug": "news-2", "author": "\u0424\u0435\u043e\u0444\u0430\u043d \u041c\u0430\u0442\u0432\u0435\u0435\u0432", "date": "2019-11-27", "creation_date": "2019-11-27", "short": "\u0412\u044b\u0441\u043e\u043a\u043e\u0442\u0435\u0445\u043d\u043e\u043b\u043e\u0433\u0438\u0447\u043d\u0430\u044f \u043a\u043e\u043d\u0446\u0435\u043f\u0446\u0438\u044f \u043e\u0431\u0449\u0435\u0441\u0442\u0432\u0435\u043d\u043d\u043e\u0433\u043e \u0443\u043a\u043b\u0430\u0434\u0430 \u0441\u043f\u043e\u0441\u043e\u0431\u0441\u0442\u0432\u0443\u0435\u0442 \u043f\u043e\u0434\u0433\u043e\u0442\u043e\u0432\u043a\u0435 \u0438 \u0440\u0435\u0430\u043b\u0438\u0437\u0430\u0446\u0438\u0438\n\u043f\u0435\u0440\u0435\u043e\u0441\u043c\u044b\u0441\u043b\u0435\u043d\u0438\u044f \u0432\u043d\u0435\u0448\u043d\u0435\u044d\u043a\u043e\u043d\u043e\u043c\u0438\u0447\u0435\u0441\u043a\u0438\u0445 \u043f\u043e\u043b\u0438\u0442\u0438\u043a. \u041a\u0441\u0442\u0430\u0442\u0438, \u0442\u0449\u0430\u0442\u0435\u043b\u044c\u043d\u044b\u0435 \u0438\u0441\u0441\u043b\u0435\u0434\u043e\u0432\u0430\u043d\u0438\u044f \u043a\u043e\u043d\u043a\u0443\u0440\u0435\u043d\u0442\u043e\u0432, \u0432\u043d\u0435 \u0437\u0430\u0432\u0438\u0441\u0438\u043c\u043e\u0441\u0442\u0438 \n\u043e\u0442 \u0438\u0445 \u0443\u0440\u043e\u0432\u043d\u044f, \u0434\u043e\u043b\u0436\u043d\u044b \u0431\u044b\u0442\u044c \u043f\u0440\u0435\u0432\u0440\u0430\u0449\u0435\u043d\u044b \u0432 \u043f\u043e\u0441\u043c\u0435\u0448\u0438\u0449\u0435, \u0445\u043e\u0442\u044f \u0441\u0430\u043c\u043e \u0438\u0445 \u0441\u0443\u0449\u0435\u0441\u0442\u0432\u043e\u0432\u0430\u043d\u0438\u0435 \u043f\u0440\u0438\u043d\u043e\u0441\u0438\u0442 \u043d\u0435\u0441\u043e\u043c\u043d\u0435\u043d\u043d\u0443\u044e \u043f\u043e\u043b\u044c\u0437\u0443 \n\u043e\u0431\u0449\u0435\u0441\u0442\u0432\u0443.", "text": "<p>\u0412\u044b\u0441\u043e\u043a\u043e\u043a\u0430\u0447\u0435\u0441\u0442\u0432\u0435\u043d\u043d\u044b\u0439 \u043f\u0440\u043e\u0442\u043e\u0442\u0438\u043f \u0431\u0443\u0434\u0443\u0449\u0435\u0433\u043e \u043f\u0440\u043e\u0435\u043a\u0442\u0430 \u043d\u0435 \u043e\u0441\u0442\u0430\u0432\u043b\u044f\u0435\u0442 \u0448\u0430\u043d\u0441\u0430 \n\u0434\u043b\u044f \u043f\u0440\u0438\u043e\u0440\u0438\u0442\u0438\u0437\u0430\u0446\u0438\u0438 \u0440\u0430\u0437\u0443\u043c\u0430 \u043d\u0430\u0434 \u044d\u043c\u043e\u0446\u0438\u044f\u043c\u0438. \u041f\u0440\u0438\u044f\u0442\u043d\u043e, \u0433\u0440\u0430\u0436\u0434\u0430\u043d\u0435, \u043d\u0430\u0431\u043b\u044e\u0434\u0430\u0442\u044c, \u043a\u0430\u043a \u0430\u043a\u0442\u0438\u0432\u043d\u043e \u0440\u0430\u0437\u0432\u0438\u0432\u0430\u044e\u0449\u0438\u0435\u0441\u044f \n\u0441\u0442\u0440\u0430\u043d\u044b \u0442\u0440\u0435\u0442\u044c\u0435\u0433\u043e \u043c\u0438\u0440\u0430, \u043f\u0440\u0435\u0432\u043e\u0437\u043c\u043e\u0433\u0430\u044f \u0441\u043b\u043e\u0436\u0438\u0432\u0448\u0443\u044e\u0441\u044f \u043d\u0435\u043f\u0440\u043e\u0441\u0442\u0443\u044e \u044d\u043a\u043e\u043d\u043e\u043c\u0438\u0447\u0435\u0441\u043a\u0443\u044e \u0441\u0438\u0442\u0443\u0430\u0446\u0438\u044e, \u043e\u0431\u044a\u044f\u0432\u043b\u0435\u043d\u044b \u043d\u0430\u0440\u0443\u0448\u0430\u044e\u0449\u0438\u043c\u0438 \n\u043e\u0431\u0449\u0435\u0447\u0435\u043b\u043e\u0432\u0435\u0447\u0435\u0441\u043a\u0438\u0435 \u043d\u043e\u0440\u043c\u044b \u044d\u0442\u0438\u043a\u0438 \u0438 \u043c\u043e\u0440\u0430\u043b\u0438. \u0412\u043d\u0435\u0437\u0430\u043f\u043d\u043e, \u0442\u0449\u0430\u0442\u0435\u043b\u044c\u043d\u044b\u0435 \u0438\u0441\u0441\u043b\u0435\u0434\u043e\u0432\u0430\u043d\u0438\u044f \u043a\u043e\u043d\u043a\u0443\u0440\u0435\u043d\u0442\u043e\u0432, \u043a\u043e\u0442\u043e\u0440\u044b\u0435 \u043f\u0440\u0435\u0434\u0441\u0442\u0430\u0432\u043b\u044f\u044e\u0442\n\u0441\u043e\u0431\u043e\u0439 \u044f\u0440\u043a\u0438\u0439 \u043f\u0440\u0438\u043c\u0435\u0440 \u043a\u043e\u043d\u0442\u0438\u043d\u0435\u043d\u0442\u0430\u043b\u044c\u043d\u043e-\u0435\u0432\u0440\u043e\u043f\u0435\u0439\u0441\u043a\u043e\u0433\u043e \u0442\u0438\u043f\u0430 \u043f\u043e\u043b\u0438\u0442\u0438\u0447\u0435\u0441\u043a\u043e\u0439 \u043a\u0443\u043b\u044c\u0442\u0443\u0440\u044b, \u0431\u0443\u0434\u0443\u0442 \u043e\u0431\u044a\u0435\u0434\u0438\u043d\u0435\u043d\u044b \u0432 \u0446\u0435\u043b\u044b\u0435 \u043a\u043b\u0430\u0441\u0442\u0435\u0440\u044b\n\u0441\u0435\u0431\u0435 \u043f\u043e\u0434\u043e\u0431\u043d\u044b\u0445. \u0422\u0430\u043a\u0438\u043c \u043e\u0431\u0440\u0430\u0437\u043e\u043c, \u0432\u044b\u0431\u0440\u0430\u043d\u043d\u044b\u0439 \u043d\u0430\u043c\u0438 \u0438\u043d\u043d\u043e\u0432\u0430\u0446\u0438\u043e\u043d\u043d\u044b\u0439 \u043f\u0443\u0442\u044c \u043e\u0431\u0435\u0441\u043f\u0435\u0447\u0438\u0432\u0430\u0435\u0442 \u0448\u0438\u0440\u043e\u043a\u043e\u043c\u0443 \u043a\u0440\u0443\u0433\u0443 (\u0441\u043f\u0435\u0446\u0438\u0430\u043b\u0438\u0441\u0442\u043e\u0432) \n\u0443\u0447\u0430\u0441\u0442\u0438\u0435 \u0432 \u0444\u043e\u0440\u043c\u0438\u0440\u043e\u0432\u0430\u043d\u0438\u0438 \u043f\u043e\u044d\u0442\u0430\u043f\u043d\u043e\u0433\u043e \u0438 \u043f\u043e\u0441\u043b\u0435\u0434\u043e\u0432\u0430\u0442\u0435\u043b\u044c\u043d\u043e\u0433\u043e \u0440\u0430\u0437\u0432\u0438\u0442\u0438\u044f \u043e\u0431\u0449\u0435\u0441\u0442\u0432\u0430.</p>"}}, {"model": "easy_news.news", "pk": 4, "fields": {"show": true, "title": "\u041d\u043e\u0432\u043e\u0441\u0442\u044c 3", "slug": "news-3", "author": "\u0424\u0435\u043e\u0444\u0430\u043d \u041c\u0430\u0442\u0432\u0435\u0435\u0432", "date": "2019-11-27", "creation_date": "2019-11-27", "short": "\u0412\u044b\u0441\u043e\u043a\u043e\u0442\u0435\u0445\u043d\u043e\u043b\u043e\u0433\u0438\u0447\u043d\u0430\u044f \u043a\u043e\u043d\u0446\u0435\u043f\u0446\u0438\u044f \u043e\u0431\u0449\u0435\u0441\u0442\u0432\u0435\u043d\u043d\u043e\u0433\u043e \u0443\u043a\u043b\u0430\u0434\u0430 \u0441\u043f\u043e\u0441\u043e\u0431\u0441\u0442\u0432\u0443\u0435\u0442 \u043f\u043e\u0434\u0433\u043e\u0442\u043e\u0432\u043a\u0435 \u0438 \u0440\u0435\u0430\u043b\u0438\u0437\u0430\u0446\u0438\u0438\n\u043f\u0435\u0440\u0435\u043e\u0441\u043c\u044b\u0441\u043b\u0435\u043d\u0438\u044f \u0432\u043d\u0435\u0448\u043d\u0435\u044d\u043a\u043e\u043d\u043e\u043c\u0438\u0447\u0435\u0441\u043a\u0438\u0445 \u043f\u043e\u043b\u0438\u0442\u0438\u043a. \u041a\u0441\u0442\u0430\u0442\u0438, \u0442\u0449\u0430\u0442\u0435\u043b\u044c\u043d\u044b\u0435 \u0438\u0441\u0441\u043b\u0435\u0434\u043e\u0432\u0430\u043d\u0438\u044f \u043a\u043e\u043d\u043a\u0443\u0440\u0435\u043d\u0442\u043e\u0432, \u0432\u043d\u0435 \u0437\u0430\u0432\u0438\u0441\u0438\u043c\u043e\u0441\u0442\u0438 \n\u043e\u0442 \u0438\u0445 \u0443\u0440\u043e\u0432\u043d\u044f, \u0434\u043e\u043b\u0436\u043d\u044b \u0431\u044b\u0442\u044c \u043f\u0440\u0435\u0432\u0440\u0430\u0449\u0435\u043d\u044b \u0432 \u043f\u043e\u0441\u043c\u0435\u0448\u0438\u0449\u0435, \u0445\u043e\u0442\u044f \u0441\u0430\u043c\u043e \u0438\u0445 \u0441\u0443\u0449\u0435\u0441\u0442\u0432\u043e\u0432\u0430\u043d\u0438\u0435 \u043f\u0440\u0438\u043d\u043e\u0441\u0438\u0442 \u043d\u0435\u0441\u043e\u043c\u043d\u0435\u043d\u043d\u0443\u044e \u043f\u043e\u043b\u044c\u0437\u0443 \n\u043e\u0431\u0449\u0435\u0441\u0442\u0432\u0443.", "text": "<p>\u0412\u044b\u0441\u043e\u043a\u043e\u043a\u0430\u0447\u0435\u0441\u0442\u0432\u0435\u043d\u043d\u044b\u0439 \u043f\u0440\u043e\u0442\u043e\u0442\u0438\u043f \u0431\u0443\u0434\u0443\u0449\u0435\u0433\u043e \u043f\u0440\u043e\u0435\u043a\u0442\u0430 \u043d\u0435 \u043e\u0441\u0442\u0430\u0432\u043b\u044f\u0435\u0442 \u0448\u0430\u043d\u0441\u0430 \n\u0434\u043b\u044f \u043f\u0440\u0438\u043e\u0440\u0438\u0442\u0438\u0437\u0430\u0446\u0438\u0438 \u0440\u0430\u0437\u0443\u043c\u0430 \u043d\u0430\u0434 \u044d\u043c\u043e\u0446\u0438\u044f\u043c\u0438. \u041f\u0440\u0438\u044f\u0442\u043d\u043e, \u0433\u0440\u0430\u0436\u0434\u0430\u043d\u0435, \u043d\u0430\u0431\u043b\u044e\u0434\u0430\u0442\u044c, \u043a\u0430\u043a \u0430\u043a\u0442\u0438\u0432\u043d\u043e \u0440\u0430\u0437\u0432\u0438\u0432\u0430\u044e\u0449\u0438\u0435\u0441\u044f \n\u0441\u0442\u0440\u0430\u043d\u044b \u0442\u0440\u0435\u0442\u044c\u0435\u0433\u043e \u043c\u0438\u0440\u0430, \u043f\u0440\u0435\u0432\u043e\u0437\u043c\u043e\u0433\u0430\u044f \u0441\u043b\u043e\u0436\u0438\u0432\u0448\u0443\u044e\u0441\u044f \u043d\u0435\u043f\u0440\u043e\u0441\u0442\u0443\u044e \u044d\u043a\u043e\u043d\u043e\u043c\u0438\u0447\u0435\u0441\u043a\u0443\u044e \u0441\u0438\u0442\u0443\u0430\u0446\u0438\u044e, \u043e\u0431\u044a\u044f\u0432\u043b\u0435\u043d\u044b \u043d\u0430\u0440\u0443\u0448\u0430\u044e\u0449\u0438\u043c\u0438 \n\u043e\u0431\u0449\u0435\u0447\u0435\u043b\u043e\u0432\u0435\u0447\u0435\u0441\u043a\u0438\u0435 \u043d\u043e\u0440\u043c\u044b \u044d\u0442\u0438\u043a\u0438 \u0438 \u043c\u043e\u0440\u0430\u043b\u0438. \u0412\u043d\u0435\u0437\u0430\u043f\u043d\u043e, \u0442\u0449\u0430\u0442\u0435\u043b\u044c\u043d\u044b\u0435 \u0438\u0441\u0441\u043b\u0435\u0434\u043e\u0432\u0430\u043d\u0438\u044f \u043a\u043e\u043d\u043a\u0443\u0440\u0435\u043d\u0442\u043e\u0432, \u043a\u043e\u0442\u043e\u0440\u044b\u0435 \u043f\u0440\u0435\u0434\u0441\u0442\u0430\u0432\u043b\u044f\u044e\u0442\n\u0441\u043e\u0431\u043e\u0439 \u044f\u0440\u043a\u0438\u0439 \u043f\u0440\u0438\u043c\u0435\u0440 \u043a\u043e\u043d\u0442\u0438\u043d\u0435\u043d\u0442\u0430\u043b\u044c\u043d\u043e-\u0435\u0432\u0440\u043e\u043f\u0435\u0439\u0441\u043a\u043e\u0433\u043e \u0442\u0438\u043f\u0430 \u043f\u043e\u043b\u0438\u0442\u0438\u0447\u0435\u0441\u043a\u043e\u0439 \u043a\u0443\u043b\u044c\u0442\u0443\u0440\u044b, \u0431\u0443\u0434\u0443\u0442 \u043e\u0431\u044a\u0435\u0434\u0438\u043d\u0435\u043d\u044b \u0432 \u0446\u0435\u043b\u044b\u0435 \u043a\u043b\u0430\u0441\u0442\u0435\u0440\u044b\n\u0441\u0435\u0431\u0435 \u043f\u043e\u0434\u043e\u0431\u043d\u044b\u0445. \u0422\u0430\u043a\u0438\u043c \u043e\u0431\u0440\u0430\u0437\u043e\u043c, \u0432\u044b\u0431\u0440\u0430\u043d\u043d\u044b\u0439 \u043d\u0430\u043c\u0438 \u0438\u043d\u043d\u043e\u0432\u0430\u0446\u0438\u043e\u043d\u043d\u044b\u0439 \u043f\u0443\u0442\u044c \u043e\u0431\u0435\u0441\u043f\u0435\u0447\u0438\u0432\u0430\u0435\u0442 \u0448\u0438\u0440\u043e\u043a\u043e\u043c\u0443 \u043a\u0440\u0443\u0433\u0443 (\u0441\u043f\u0435\u0446\u0438\u0430\u043b\u0438\u0441\u0442\u043e\u0432) \n\u0443\u0447\u0430\u0441\u0442\u0438\u0435 \u0432 \u0444\u043e\u0440\u043c\u0438\u0440\u043e\u0432\u0430\u043d\u0438\u0438 \u043f\u043e\u044d\u0442\u0430\u043f\u043d\u043e\u0433\u043e \u0438 \u043f\u043e\u0441\u043b\u0435\u0434\u043e\u0432\u0430\u0442\u0435\u043b\u044c\u043d\u043e\u0433\u043e \u0440\u0430\u0437\u0432\u0438\u0442\u0438\u044f \u043e\u0431\u0449\u0435\u0441\u0442\u0432\u0430.</p>"}}, {"model": "easy_news.news", "pk": 5, "fields": {"show": true, "title": "\u041d\u043e\u0432\u043e\u0441\u0442\u044c 4", "slug": "news-4", "author": "\u0424\u0435\u043e\u0444\u0430\u043d \u041c\u0430\u0442\u0432\u0435\u0435\u0432", "date": "2019-11-27", "creation_date": "2019-11-27", "short": "\u0412\u044b\u0441\u043e\u043a\u043e\u0442\u0435\u0445\u043d\u043e\u043b\u043e\u0433\u0438\u0447\u043d\u0430\u044f \u043a\u043e\u043d\u0446\u0435\u043f\u0446\u0438\u044f \u043e\u0431\u0449\u0435\u0441\u0442\u0432\u0435\u043d\u043d\u043e\u0433\u043e \u0443\u043a\u043b\u0430\u0434\u0430 \u0441\u043f\u043e\u0441\u043e\u0431\u0441\u0442\u0432\u0443\u0435\u0442 \u043f\u043e\u0434\u0433\u043e\u0442\u043e\u0432\u043a\u0435 \u0438 \u0440\u0435\u0430\u043b\u0438\u0437\u0430\u0446\u0438\u0438\n\u043f\u0435\u0440\u0435\u043e\u0441\u043c\u044b\u0441\u043b\u0435\u043d\u0438\u044f \u0432\u043d\u0435\u0448\u043d\u0435\u044d\u043a\u043e\u043d\u043e\u043c\u0438\u0447\u0435\u0441\u043a\u0438\u0445 \u043f\u043e\u043b\u0438\u0442\u0438\u043a. \u041a\u0441\u0442\u0430\u0442\u0438, \u0442\u0449\u0430\u0442\u0435\u043b\u044c\u043d\u044b\u0435 \u0438\u0441\u0441\u043b\u0435\u0434\u043e\u0432\u0430\u043d\u0438\u044f \u043a\u043e\u043d\u043a\u0443\u0440\u0435\u043d\u0442\u043e\u0432, \u0432\u043d\u0435 \u0437\u0430\u0432\u0438\u0441\u0438\u043c\u043e\u0441\u0442\u0438 \n\u043e\u0442 \u0438\u0445 \u0443\u0440\u043e\u0432\u043d\u044f, \u0434\u043e\u043b\u0436\u043d\u044b \u0431\u044b\u0442\u044c \u043f\u0440\u0435\u0432\u0440\u0430\u0449\u0435\u043d\u044b \u0432 \u043f\u043e\u0441\u043c\u0435\u0448\u0438\u0449\u0435, \u0445\u043e\u0442\u044f \u0441\u0430\u043c\u043e \u0438\u0445 \u0441\u0443\u0449\u0435\u0441\u0442\u0432\u043e\u0432\u0430\u043d\u0438\u0435 \u043f\u0440\u0438\u043d\u043e\u0441\u0438\u0442 \u043d\u0435\u0441\u043e\u043c\u043d\u0435\u043d\u043d\u0443\u044e \u043f\u043e\u043b\u044c\u0437\u0443 \n\u043e\u0431\u0449\u0435\u0441\u0442\u0432\u0443.", "text": "<p>\u0412\u044b\u0441\u043e\u043a\u043e\u043a\u0430\u0447\u0435\u0441\u0442\u0432\u0435\u043d\u043d\u044b\u0439 \u043f\u0440\u043e\u0442\u043e\u0442\u0438\u043f \u0431\u0443\u0434\u0443\u0449\u0435\u0433\u043e \u043f\u0440\u043e\u0435\u043a\u0442\u0430 \u043d\u0435 \u043e\u0441\u0442\u0430\u0432\u043b\u044f\u0435\u0442 \u0448\u0430\u043d\u0441\u0430 \n\u0434\u043b\u044f \u043f\u0440\u0438\u043e\u0440\u0438\u0442\u0438\u0437\u0430\u0446\u0438\u0438 \u0440\u0430\u0437\u0443\u043c\u0430 \u043d\u0430\u0434 \u044d\u043c\u043e\u0446\u0438\u044f\u043c\u0438. \u041f\u0440\u0438\u044f\u0442\u043d\u043e, \u0433\u0440\u0430\u0436\u0434\u0430\u043d\u0435, \u043d\u0430\u0431\u043b\u044e\u0434\u0430\u0442\u044c, \u043a\u0430\u043a \u0430\u043a\u0442\u0438\u0432\u043d\u043e \u0440\u0430\u0437\u0432\u0438\u0432\u0430\u044e\u0449\u0438\u0435\u0441\u044f \n\u0441\u0442\u0440\u0430\u043d\u044b \u0442\u0440\u0435\u0442\u044c\u0435\u0433\u043e \u043c\u0438\u0440\u0430, \u043f\u0440\u0435\u0432\u043e\u0437\u043c\u043e\u0433\u0430\u044f \u0441\u043b\u043e\u0436\u0438\u0432\u0448\u0443\u044e\u0441\u044f \u043d\u0435\u043f\u0440\u043e\u0441\u0442\u0443\u044e \u044d\u043a\u043e\u043d\u043e\u043c\u0438\u0447\u0435\u0441\u043a\u0443\u044e \u0441\u0438\u0442\u0443\u0430\u0446\u0438\u044e, \u043e\u0431\u044a\u044f\u0432\u043b\u0435\u043d\u044b \u043d\u0430\u0440\u0443\u0448\u0430\u044e\u0449\u0438\u043c\u0438 \n\u043e\u0431\u0449\u0435\u0447\u0435\u043b\u043e\u0432\u0435\u0447\u0435\u0441\u043a\u0438\u0435 \u043d\u043e\u0440\u043c\u044b \u044d\u0442\u0438\u043a\u0438 \u0438 \u043c\u043e\u0440\u0430\u043b\u0438. \u0412\u043d\u0435\u0437\u0430\u043f\u043d\u043e, \u0442\u0449\u0430\u0442\u0435\u043b\u044c\u043d\u044b\u0435 \u0438\u0441\u0441\u043b\u0435\u0434\u043e\u0432\u0430\u043d\u0438\u044f \u043a\u043e\u043d\u043a\u0443\u0440\u0435\u043d\u0442\u043e\u0432, \u043a\u043e\u0442\u043e\u0440\u044b\u0435 \u043f\u0440\u0435\u0434\u0441\u0442\u0430\u0432\u043b\u044f\u044e\u0442\n\u0441\u043e\u0431\u043e\u0439 \u044f\u0440\u043a\u0438\u0439 \u043f\u0440\u0438\u043c\u0435\u0440 \u043a\u043e\u043d\u0442\u0438\u043d\u0435\u043d\u0442\u0430\u043b\u044c\u043d\u043e-\u0435\u0432\u0440\u043e\u043f\u0435\u0439\u0441\u043a\u043e\u0433\u043e \u0442\u0438\u043f\u0430 \u043f\u043e\u043b\u0438\u0442\u0438\u0447\u0435\u0441\u043a\u043e\u0439 \u043a\u0443\u043b\u044c\u0442\u0443\u0440\u044b, \u0431\u0443\u0434\u0443\u0442 \u043e\u0431\u044a\u0435\u0434\u0438\u043d\u0435\u043d\u044b \u0432 \u0446\u0435\u043b\u044b\u0435 \u043a\u043b\u0430\u0441\u0442\u0435\u0440\u044b\n\u0441\u0435\u0431\u0435 \u043f\u043e\u0434\u043e\u0431\u043d\u044b\u0445. \u0422\u0430\u043a\u0438\u043c \u043e\u0431\u0440\u0430\u0437\u043e\u043c, \u0432\u044b\u0431\u0440\u0430\u043d\u043d\u044b\u0439 \u043d\u0430\u043c\u0438 \u0438\u043d\u043d\u043e\u0432\u0430\u0446\u0438\u043e\u043d\u043d\u044b\u0439 \u043f\u0443\u0442\u044c \u043e\u0431\u0435\u0441\u043f\u0435\u0447\u0438\u0432\u0430\u0435\u0442 \u0448\u0438\u0440\u043e\u043a\u043e\u043c\u0443 \u043a\u0440\u0443\u0433\u0443 (\u0441\u043f\u0435\u0446\u0438\u0430\u043b\u0438\u0441\u0442\u043e\u0432) \n\u0443\u0447\u0430\u0441\u0442\u0438\u0435 \u0432 \u0444\u043e\u0440\u043c\u0438\u0440\u043e\u0432\u0430\u043d\u0438\u0438 \u043f\u043e\u044d\u0442\u0430\u043f\u043d\u043e\u0433\u043e \u0438 \u043f\u043e\u0441\u043b\u0435\u0434\u043e\u0432\u0430\u0442\u0435\u043b\u044c\u043d\u043e\u0433\u043e \u0440\u0430\u0437\u0432\u0438\u0442\u0438\u044f \u043e\u0431\u0449\u0435\u0441\u0442\u0432\u0430.</p>"}}, {"model": "easy_news.news", "pk": 6, "fields": {"show": true, "title": "\u041d\u043e\u0432\u043e\u0441\u0442\u044c 5", "slug": "news-5", "author": "\u0424\u0435\u043e\u0444\u0430\u043d \u041c\u0430\u0442\u0432\u0435\u0435\u0432", "date": "2019-11-27", "creation_date": "2019-11-27", "short": "\u0412\u044b\u0441\u043e\u043a\u043e\u0442\u0435\u0445\u043d\u043e\u043b\u043e\u0433\u0438\u0447\u043d\u0430\u044f \u043a\u043e\u043d\u0446\u0435\u043f\u0446\u0438\u044f \u043e\u0431\u0449\u0435\u0441\u0442\u0432\u0435\u043d\u043d\u043e\u0433\u043e \u0443\u043a\u043b\u0430\u0434\u0430 \u0441\u043f\u043e\u0441\u043e\u0431\u0441\u0442\u0432\u0443\u0435\u0442 \u043f\u043e\u0434\u0433\u043e\u0442\u043e\u0432\u043a\u0435 \u0438 \u0440\u0435\u0430\u043b\u0438\u0437\u0430\u0446\u0438\u0438\n\u043f\u0435\u0440\u0435\u043e\u0441\u043c\u044b\u0441\u043b\u0435\u043d\u0438\u044f \u0432\u043d\u0435\u0448\u043d\u0435\u044d\u043a\u043e\u043d\u043e\u043c\u0438\u0447\u0435\u0441\u043a\u0438\u0445 \u043f\u043e\u043b\u0438\u0442\u0438\u043a. \u041a\u0441\u0442\u0430\u0442\u0438, \u0442\u0449\u0430\u0442\u0435\u043b\u044c\u043d\u044b\u0435 \u0438\u0441\u0441\u043b\u0435\u0434\u043e\u0432\u0430\u043d\u0438\u044f \u043a\u043e\u043d\u043a\u0443\u0440\u0435\u043d\u0442\u043e\u0432, \u0432\u043d\u0435 \u0437\u0430\u0432\u0438\u0441\u0438\u043c\u043e\u0441\u0442\u0438 \n\u043e\u0442 \u0438\u0445 \u0443\u0440\u043e\u0432\u043d\u044f, \u0434\u043e\u043b\u0436\u043d\u044b \u0431\u044b\u0442\u044c \u043f\u0440\u0435\u0432\u0440\u0430\u0449\u0435\u043d\u044b \u0432 \u043f\u043e\u0441\u043c\u0435\u0448\u0438\u0449\u0435, \u0445\u043e\u0442\u044f \u0441\u0430\u043c\u043e \u0438\u0445 \u0441\u0443\u0449\u0435\u0441\u0442\u0432\u043e\u0432\u0430\u043d\u0438\u0435 \u043f\u0440\u0438\u043d\u043e\u0441\u0438\u0442 \u043d\u0435\u0441\u043e\u043c\u043d\u0435\u043d\u043d\u0443\u044e \u043f\u043e\u043b\u044c\u0437\u0443 \n\u043e\u0431\u0449\u0435\u0441\u0442\u0432\u0443.", "text": "<p>\u0412\u044b\u0441\u043e\u043a\u043e\u043a\u0430\u0447\u0435\u0441\u0442\u0432\u0435\u043d\u043d\u044b\u0439 \u043f\u0440\u043e\u0442\u043e\u0442\u0438\u043f \u0431\u0443\u0434\u0443\u0449\u0435\u0433\u043e \u043f\u0440\u043e\u0435\u043a\u0442\u0430 \u043d\u0435 \u043e\u0441\u0442\u0430\u0432\u043b\u044f\u0435\u0442 \u0448\u0430\u043d\u0441\u0430 \n\u0434\u043b\u044f \u043f\u0440\u0438\u043e\u0440\u0438\u0442\u0438\u0437\u0430\u0446\u0438\u0438 \u0440\u0430\u0437\u0443\u043c\u0430 \u043d\u0430\u0434 \u044d\u043c\u043e\u0446\u0438\u044f\u043c\u0438. \u041f\u0440\u0438\u044f\u0442\u043d\u043e, \u0433\u0440\u0430\u0436\u0434\u0430\u043d\u0435, \u043d\u0430\u0431\u043b\u044e\u0434\u0430\u0442\u044c, \u043a\u0430\u043a \u0430\u043a\u0442\u0438\u0432\u043d\u043e \u0440\u0430\u0437\u0432\u0438\u0432\u0430\u044e\u0449\u0438\u0435\u0441\u044f \n\u0441\u0442\u0440\u0430\u043d\u044b \u0442\u0440\u0435\u0442\u044c\u0435\u0433\u043e \u043c\u0438\u0440\u0430, \u043f\u0440\u0435\u0432\u043e\u0437\u043c\u043e\u0433\u0430\u044f \u0441\u043b\u043e\u0436\u0438\u0432\u0448\u0443\u044e\u0441\u044f \u043d\u0435\u043f\u0440\u043e\u0441\u0442\u0443\u044e \u044d\u043a\u043e\u043d\u043e\u043c\u0438\u0447\u0435\u0441\u043a\u0443\u044e \u0441\u0438\u0442\u0443\u0430\u0446\u0438\u044e, \u043e\u0431\u044a\u044f\u0432\u043b\u0435\u043d\u044b \u043d\u0430\u0440\u0443\u0448\u0430\u044e\u0449\u0438\u043c\u0438 \n\u043e\u0431\u0449\u0435\u0447\u0435\u043b\u043e\u0432\u0435\u0447\u0435\u0441\u043a\u0438\u0435 \u043d\u043e\u0440\u043c\u044b \u044d\u0442\u0438\u043a\u0438 \u0438 \u043c\u043e\u0440\u0430\u043b\u0438. \u0412\u043d\u0435\u0437\u0430\u043f\u043d\u043e, \u0442\u0449\u0430\u0442\u0435\u043b\u044c\u043d\u044b\u0435 \u0438\u0441\u0441\u043b\u0435\u0434\u043e\u0432\u0430\u043d\u0438\u044f \u043a\u043e\u043d\u043a\u0443\u0440\u0435\u043d\u0442\u043e\u0432, \u043a\u043e\u0442\u043e\u0440\u044b\u0435 \u043f\u0440\u0435\u0434\u0441\u0442\u0430\u0432\u043b\u044f\u044e\u0442\n\u0441\u043e\u0431\u043e\u0439 \u044f\u0440\u043a\u0438\u0439 \u043f\u0440\u0438\u043c\u0435\u0440 \u043a\u043e\u043d\u0442\u0438\u043d\u0435\u043d\u0442\u0430\u043b\u044c\u043d\u043e-\u0435\u0432\u0440\u043e\u043f\u0435\u0439\u0441\u043a\u043e\u0433\u043e \u0442\u0438\u043f\u0430 \u043f\u043e\u043b\u0438\u0442\u0438\u0447\u0435\u0441\u043a\u043e\u0439 \u043a\u0443\u043b\u044c\u0442\u0443\u0440\u044b, \u0431\u0443\u0434\u0443\u0442 \u043e\u0431\u044a\u0435\u0434\u0438\u043d\u0435\u043d\u044b \u0432 \u0446\u0435\u043b\u044b\u0435 \u043a\u043b\u0430\u0441\u0442\u0435\u0440\u044b\n\u0441\u0435\u0431\u0435 \u043f\u043e\u0434\u043e\u0431\u043d\u044b\u0445. \u0422\u0430\u043a\u0438\u043c \u043e\u0431\u0440\u0430\u0437\u043e\u043c, \u0432\u044b\u0431\u0440\u0430\u043d\u043d\u044b\u0439 \u043d\u0430\u043c\u0438 \u0438\u043d\u043d\u043e\u0432\u0430\u0446\u0438\u043e\u043d\u043d\u044b\u0439 \u043f\u0443\u0442\u044c \u043e\u0431\u0435\u0441\u043f\u0435\u0447\u0438\u0432\u0430\u0435\u0442 \u0448\u0438\u0440\u043e\u043a\u043e\u043c\u0443 \u043a\u0440\u0443\u0433\u0443 (\u0441\u043f\u0435\u0446\u0438\u0430\u043b\u0438\u0441\u0442\u043e\u0432) \n\u0443\u0447\u0430\u0441\u0442\u0438\u0435 \u0432 \u0444\u043e\u0440\u043c\u0438\u0440\u043e\u0432\u0430\u043d\u0438\u0438 \u043f\u043e\u044d\u0442\u0430\u043f\u043d\u043e\u0433\u043e \u0438 \u043f\u043e\u0441\u043b\u0435\u0434\u043e\u0432\u0430\u0442\u0435\u043b\u044c\u043d\u043e\u0433\u043e \u0440\u0430\u0437\u0432\u0438\u0442\u0438\u044f \u043e\u0431\u0449\u0435\u0441\u0442\u0432\u0430.</p>"}}, {"model": "easy_news.news", "pk": 7, "fields": {"show": true, "title": "\u041d\u043e\u0432\u043e\u0441\u0442\u044c 6", "slug": "news-6", "author": "\u0424\u0435\u043e\u0444\u0430\u043d \u041c\u0430\u0442\u0432\u0435\u0435\u0432", "date": "2019-11-27", "creation_date": "2019-11-27", "short": "\u0412\u044b\u0441\u043e\u043a\u043e\u0442\u0435\u0445\u043d\u043e\u043b\u043e\u0433\u0438\u0447\u043d\u0430\u044f \u043a\u043e\u043d\u0446\u0435\u043f\u0446\u0438\u044f \u043e\u0431\u0449\u0435\u0441\u0442\u0432\u0435\u043d\u043d\u043e\u0433\u043e \u0443\u043a\u043b\u0430\u0434\u0430 \u0441\u043f\u043e\u0441\u043e\u0431\u0441\u0442\u0432\u0443\u0435\u0442 \u043f\u043e\u0434\u0433\u043e\u0442\u043e\u0432\u043a\u0435 \u0438 \u0440\u0435\u0430\u043b\u0438\u0437\u0430\u0446\u0438\u0438\n\u043f\u0435\u0440\u0435\u043e\u0441\u043c\u044b\u0441\u043b\u0435\u043d\u0438\u044f \u0432\u043d\u0435\u0448\u043d\u0435\u044d\u043a\u043e\u043d\u043e\u043c\u0438\u0447\u0435\u0441\u043a\u0438\u0445 \u043f\u043e\u043b\u0438\u0442\u0438\u043a. \u041a\u0441\u0442\u0430\u0442\u0438, \u0442\u0449\u0430\u0442\u0435\u043b\u044c\u043d\u044b\u0435 \u0438\u0441\u0441\u043b\u0435\u0434\u043e\u0432\u0430\u043d\u0438\u044f \u043a\u043e\u043d\u043a\u0443\u0440\u0435\u043d\u0442\u043e\u0432, \u0432\u043d\u0435 \u0437\u0430\u0432\u0438\u0441\u0438\u043c\u043e\u0441\u0442\u0438 \n\u043e\u0442 \u0438\u0445 \u0443\u0440\u043e\u0432\u043d\u044f, \u0434\u043e\u043b\u0436\u043d\u044b \u0431\u044b\u0442\u044c \u043f\u0440\u0435\u0432\u0440\u0430\u0449\u0435\u043d\u044b \u0432 \u043f\u043e\u0441\u043c\u0435\u0448\u0438\u0449\u0435, \u0445\u043e\u0442\u044f \u0441\u0430\u043c\u043e \u0438\u0445 \u0441\u0443\u0449\u0435\u0441\u0442\u0432\u043e\u0432\u0430\u043d\u0438\u0435 \u043f\u0440\u0438\u043d\u043e\u0441\u0438\u0442 \u043d\u0435\u0441\u043e\u043c\u043d\u0435\u043d\u043d\u0443\u044e \u043f\u043e\u043b\u044c\u0437\u0443 \n\u043e\u0431\u0449\u0435\u0441\u0442\u0432\u0443.", "text": "<p>\u0412\u044b\u0441\u043e\u043a\u043e\u043a\u0430\u0447\u0435\u0441\u0442\u0432\u0435\u043d\u043d\u044b\u0439 \u043f\u0440\u043e\u0442\u043e\u0442\u0438\u043f \u0431\u0443\u0434\u0443\u0449\u0435\u0433\u043e \u043f\u0440\u043e\u0435\u043a\u0442\u0430 \u043d\u0435 \u043e\u0441\u0442\u0430\u0432\u043b\u044f\u0435\u0442 \u0448\u0430\u043d\u0441\u0430 \n\u0434\u043b\u044f \u043f\u0440\u0438\u043e\u0440\u0438\u0442\u0438\u0437\u0430\u0446\u0438\u0438 \u0440\u0430\u0437\u0443\u043c\u0430 \u043d\u0430\u0434 \u044d\u043c\u043e\u0446\u0438\u044f\u043c\u0438. \u041f\u0440\u0438\u044f\u0442\u043d\u043e, \u0433\u0440\u0430\u0436\u0434\u0430\u043d\u0435, \u043d\u0430\u0431\u043b\u044e\u0434\u0430\u0442\u044c, \u043a\u0430\u043a \u0430\u043a\u0442\u0438\u0432\u043d\u043e \u0440\u0430\u0437\u0432\u0438\u0432\u0430\u044e\u0449\u0438\u0435\u0441\u044f \n\u0441\u0442\u0440\u0430\u043d\u044b \u0442\u0440\u0435\u0442\u044c\u0435\u0433\u043e \u043c\u0438\u0440\u0430, \u043f\u0440\u0435\u0432\u043e\u0437\u043c\u043e\u0433\u0430\u044f \u0441\u043b\u043e\u0436\u0438\u0432\u0448\u0443\u044e\u0441\u044f \u043d\u0435\u043f\u0440\u043e\u0441\u0442\u0443\u044e \u044d\u043a\u043e\u043d\u043e\u043c\u0438\u0447\u0435\u0441\u043a\u0443\u044e \u0441\u0438\u0442\u0443\u0430\u0446\u0438\u044e, \u043e\u0431\u044a\u044f\u0432\u043b\u0435\u043d\u044b \u043d\u0430\u0440\u0443\u0448\u0430\u044e\u0449\u0438\u043c\u0438 \n\u043e\u0431\u0449\u0435\u0447\u0435\u043b\u043e\u0432\u0435\u0447\u0435\u0441\u043a\u0438\u0435 \u043d\u043e\u0440\u043c\u044b \u044d\u0442\u0438\u043a\u0438 \u0438 \u043c\u043e\u0440\u0430\u043b\u0438. \u0412\u043d\u0435\u0437\u0430\u043f\u043d\u043e, \u0442\u0449\u0430\u0442\u0435\u043b\u044c\u043d\u044b\u0435 \u0438\u0441\u0441\u043b\u0435\u0434\u043e\u0432\u0430\u043d\u0438\u044f \u043a\u043e\u043d\u043a\u0443\u0440\u0435\u043d\u0442\u043e\u0432, \u043a\u043e\u0442\u043e\u0440\u044b\u0435 \u043f\u0440\u0435\u0434\u0441\u0442\u0430\u0432\u043b\u044f\u044e\u0442\n\u0441\u043e\u0431\u043e\u0439 \u044f\u0440\u043a\u0438\u0439 \u043f\u0440\u0438\u043c\u0435\u0440 \u043a\u043e\u043d\u0442\u0438\u043d\u0435\u043d\u0442\u0430\u043b\u044c\u043d\u043e-\u0435\u0432\u0440\u043e\u043f\u0435\u0439\u0441\u043a\u043e\u0433\u043e \u0442\u0438\u043f\u0430 \u043f\u043e\u043b\u0438\u0442\u0438\u0447\u0435\u0441\u043a\u043e\u0439 \u043a\u0443\u043b\u044c\u0442\u0443\u0440\u044b, \u0431\u0443\u0434\u0443\u0442 \u043e\u0431\u044a\u0435\u0434\u0438\u043d\u0435\u043d\u044b \u0432 \u0446\u0435\u043b\u044b\u0435 \u043a\u043b\u0430\u0441\u0442\u0435\u0440\u044b\n\u0441\u0435\u0431\u0435 \u043f\u043e\u0434\u043e\u0431\u043d\u044b\u0445. \u0422\u0430\u043a\u0438\u043c \u043e\u0431\u0440\u0430\u0437\u043e\u043c, \u0432\u044b\u0431\u0440\u0430\u043d\u043d\u044b\u0439 \u043d\u0430\u043c\u0438 \u0438\u043d\u043d\u043e\u0432\u0430\u0446\u0438\u043e\u043d\u043d\u044b\u0439 \u043f\u0443\u0442\u044c \u043e\u0431\u0435\u0441\u043f\u0435\u0447\u0438\u0432\u0430\u0435\u0442 \u0448\u0438\u0440\u043e\u043a\u043e\u043c\u0443 \u043a\u0440\u0443\u0433\u0443 (\u0441\u043f\u0435\u0446\u0438\u0430\u043b\u0438\u0441\u0442\u043e\u0432) \n\u0443\u0447\u0430\u0441\u0442\u0438\u0435 \u0432 \u0444\u043e\u0440\u043c\u0438\u0440\u043e\u0432\u0430\u043d\u0438\u0438 \u043f\u043e\u044d\u0442\u0430\u043f\u043d\u043e\u0433\u043e \u0438 \u043f\u043e\u0441\u043b\u0435\u0434\u043e\u0432\u0430\u0442\u0435\u043b\u044c\u043d\u043e\u0433\u043e \u0440\u0430\u0437\u0432\u0438\u0442\u0438\u044f \u043e\u0431\u0449\u0435\u0441\u0442\u0432\u0430.</p>"}}, {"model": "easy_news.news", "pk": 8, "fields": {"show": true, "title": "\u041d\u043e\u0432\u043e\u0441\u0442\u044c 7", "slug": "news-7", "author": "\u0424\u0435\u043e\u0444\u0430\u043d \u041c\u0430\u0442\u0432\u0435\u0435\u0432", "date": "2019-11-27", "creation_date": "2019-11-27", "short": "\u0412\u044b\u0441\u043e\u043a\u043e\u0442\u0435\u0445\u043d\u043e\u043b\u043e\u0433\u0438\u0447\u043d\u0430\u044f \u043a\u043e\u043d\u0446\u0435\u043f\u0446\u0438\u044f \u043e\u0431\u0449\u0435\u0441\u0442\u0432\u0435\u043d\u043d\u043e\u0433\u043e \u0443\u043a\u043b\u0430\u0434\u0430 \u0441\u043f\u043e\u0441\u043e\u0431\u0441\u0442\u0432\u0443\u0435\u0442 \u043f\u043e\u0434\u0433\u043e\u0442\u043e\u0432\u043a\u0435 \u0438 \u0440\u0435\u0430\u043b\u0438\u0437\u0430\u0446\u0438\u0438\n\u043f\u0435\u0440\u0435\u043e\u0441\u043c\u044b\u0441\u043b\u0435\u043d\u0438\u044f \u0432\u043d\u0435\u0448\u043d\u0435\u044d\u043a\u043e\u043d\u043e\u043c\u0438\u0447\u0435\u0441\u043a\u0438\u0445 \u043f\u043e\u043b\u0438\u0442\u0438\u043a. \u041a\u0441\u0442\u0430\u0442\u0438, \u0442\u0449\u0430\u0442\u0435\u043b\u044c\u043d\u044b\u0435 \u0438\u0441\u0441\u043b\u0435\u0434\u043e\u0432\u0430\u043d\u0438\u044f \u043a\u043e\u043d\u043a\u0443\u0440\u0435\u043d\u0442\u043e\u0432, \u0432\u043d\u0435 \u0437\u0430\u0432\u0438\u0441\u0438\u043c\u043e\u0441\u0442\u0438 \n\u043e\u0442 \u0438\u0445 \u0443\u0440\u043e\u0432\u043d\u044f, \u0434\u043e\u043b\u0436\u043d\u044b \u0431\u044b\u0442\u044c \u043f\u0440\u0435\u0432\u0440\u0430\u0449\u0435\u043d\u044b \u0432 \u043f\u043e\u0441\u043c\u0435\u0448\u0438\u0449\u0435, \u0445\u043e\u0442\u044f \u0441\u0430\u043c\u043e \u0438\u0445 \u0441\u0443\u0449\u0435\u0441\u0442\u0432\u043e\u0432\u0430\u043d\u0438\u0435 \u043f\u0440\u0438\u043d\u043e\u0441\u0438\u0442 \u043d\u0435\u0441\u043e\u043c\u043d\u0435\u043d\u043d\u0443\u044e \u043f\u043e\u043b\u044c\u0437\u0443 \n\u043e\u0431\u0449\u0435\u0441\u0442\u0432\u0443.", "text": "<p>\u0412\u044b\u0441\u043e\u043a\u043e\u043a\u0430\u0447\u0435\u0441\u0442\u0432\u0435\u043d\u043d\u044b\u0439 \u043f\u0440\u043e\u0442\u043e\u0442\u0438\u043f \u0431\u0443\u0434\u0443\u0449\u0435\u0433\u043e \u043f\u0440\u043e\u0435\u043a\u0442\u0430 \u043d\u0435 \u043e\u0441\u0442\u0430\u0432\u043b\u044f\u0435\u0442 \u0448\u0430\u043d\u0441\u0430 \n\u0434\u043b\u044f \u043f\u0440\u0438\u043e\u0440\u0438\u0442\u0438\u0437\u0430\u0446\u0438\u0438 \u0440\u0430\u0437\u0443\u043c\u0430 \u043d\u0430\u0434 \u044d\u043c\u043e\u0446\u0438\u044f\u043c\u0438. \u041f\u0440\u0438\u044f\u0442\u043d\u043e, \u0433\u0440\u0430\u0436\u0434\u0430\u043d\u0435, \u043d\u0430\u0431\u043b\u044e\u0434\u0430\u0442\u044c, \u043a\u0430\u043a \u0430\u043a\u0442\u0438\u0432\u043d\u043e \u0440\u0430\u0437\u0432\u0438\u0432\u0430\u044e\u0449\u0438\u0435\u0441\u044f \n\u0441\u0442\u0440\u0430\u043d\u044b \u0442\u0440\u0435\u0442\u044c\u0435\u0433\u043e \u043c\u0438\u0440\u0430, \u043f\u0440\u0435\u0432\u043e\u0437\u043c\u043e\u0433\u0430\u044f \u0441\u043b\u043e\u0436\u0438\u0432\u0448\u0443\u044e\u0441\u044f \u043d\u0435\u043f\u0440\u043e\u0441\u0442\u0443\u044e \u044d\u043a\u043e\u043d\u043e\u043c\u0438\u0447\u0435\u0441\u043a\u0443\u044e \u0441\u0438\u0442\u0443\u0430\u0446\u0438\u044e, \u043e\u0431\u044a\u044f\u0432\u043b\u0435\u043d\u044b \u043d\u0430\u0440\u0443\u0448\u0430\u044e\u0449\u0438\u043c\u0438 \n\u043e\u0431\u0449\u0435\u0447\u0435\u043b\u043e\u0432\u0435\u0447\u0435\u0441\u043a\u0438\u0435 \u043d\u043e\u0440\u043c\u044b \u044d\u0442\u0438\u043a\u0438 \u0438 \u043c\u043e\u0440\u0430\u043b\u0438. \u0412\u043d\u0435\u0437\u0430\u043f\u043d\u043e, \u0442\u0449\u0430\u0442\u0435\u043b\u044c\u043d\u044b\u0435 \u0438\u0441\u0441\u043b\u0435\u0434\u043e\u0432\u0430\u043d\u0438\u044f \u043a\u043e\u043d\u043a\u0443\u0440\u0435\u043d\u0442\u043e\u0432, \u043a\u043e\u0442\u043e\u0440\u044b\u0435 \u043f\u0440\u0435\u0434\u0441\u0442\u0430\u0432\u043b\u044f\u044e\u0442\n\u0441\u043e\u0431\u043e\u0439 \u044f\u0440\u043a\u0438\u0439 \u043f\u0440\u0438\u043c\u0435\u0440 \u043a\u043e\u043d\u0442\u0438\u043d\u0435\u043d\u0442\u0430\u043b\u044c\u043d\u043e-\u0435\u0432\u0440\u043e\u043f\u0435\u0439\u0441\u043a\u043e\u0433\u043e \u0442\u0438\u043f\u0430 \u043f\u043e\u043b\u0438\u0442\u0438\u0447\u0435\u0441\u043a\u043e\u0439 \u043a\u0443\u043b\u044c\u0442\u0443\u0440\u044b, \u0431\u0443\u0434\u0443\u0442 \u043e\u0431\u044a\u0435\u0434\u0438\u043d\u0435\u043d\u044b \u0432 \u0446\u0435\u043b\u044b\u0435 \u043a\u043b\u0430\u0441\u0442\u0435\u0440\u044b\n\u0441\u0435\u0431\u0435 \u043f\u043e\u0434\u043e\u0431\u043d\u044b\u0445. \u0422\u0430\u043a\u0438\u043c \u043e\u0431\u0440\u0430\u0437\u043e\u043c, \u0432\u044b\u0431\u0440\u0430\u043d\u043d\u044b\u0439 \u043d\u0430\u043c\u0438 \u0438\u043d\u043d\u043e\u0432\u0430\u0446\u0438\u043e\u043d\u043d\u044b\u0439 \u043f\u0443\u0442\u044c \u043e\u0431\u0435\u0441\u043f\u0435\u0447\u0438\u0432\u0430\u0435\u0442 \u0448\u0438\u0440\u043e\u043a\u043e\u043c\u0443 \u043a\u0440\u0443\u0433\u0443 (\u0441\u043f\u0435\u0446\u0438\u0430\u043b\u0438\u0441\u0442\u043e\u0432) \n\u0443\u0447\u0430\u0441\u0442\u0438\u0435 \u0432 \u0444\u043e\u0440\u043c\u0438\u0440\u043e\u0432\u0430\u043d\u0438\u0438 \u043f\u043e\u044d\u0442\u0430\u043f\u043d\u043e\u0433\u043e \u0438 \u043f\u043e\u0441\u043b\u0435\u0434\u043e\u0432\u0430\u0442\u0435\u043b\u044c\u043d\u043e\u0433\u043e \u0440\u0430\u0437\u0432\u0438\u0442\u0438\u044f \u043e\u0431\u0449\u0435\u0441\u0442\u0432\u0430.</p>"}}, {"model": "easy_news.news", "pk": 9, "fields": {"show": true, "title": "\u041d\u043e\u0432\u043e\u0441\u0442\u044c 8", "slug": "news-8", "author": "\u0424\u0435\u043e\u0444\u0430\u043d \u041c\u0430\u0442\u0432\u0435\u0435\u0432", "date": "2019-11-27", "creation_date": "2019-11-27", "short": "\u0412\u044b\u0441\u043e\u043a\u043e\u0442\u0435\u0445\u043d\u043e\u043b\u043e\u0433\u0438\u0447\u043d\u0430\u044f \u043a\u043e\u043d\u0446\u0435\u043f\u0446\u0438\u044f \u043e\u0431\u0449\u0435\u0441\u0442\u0432\u0435\u043d\u043d\u043e\u0433\u043e \u0443\u043a\u043b\u0430\u0434\u0430 \u0441\u043f\u043e\u0441\u043e\u0431\u0441\u0442\u0432\u0443\u0435\u0442 \u043f\u043e\u0434\u0433\u043e\u0442\u043e\u0432\u043a\u0435 \u0438 \u0440\u0435\u0430\u043b\u0438\u0437\u0430\u0446\u0438\u0438\n\u043f\u0435\u0440\u0435\u043e\u0441\u043c\u044b\u0441\u043b\u0435\u043d\u0438\u044f \u0432\u043d\u0435\u0448\u043d\u0435\u044d\u043a\u043e\u043d\u043e\u043c\u0438\u0447\u0435\u0441\u043a\u0438\u0445 \u043f\u043e\u043b\u0438\u0442\u0438\u043a. \u041a\u0441\u0442\u0430\u0442\u0438, \u0442\u0449\u0430\u0442\u0435\u043b\u044c\u043d\u044b\u0435 \u0438\u0441\u0441\u043b\u0435\u0434\u043e\u0432\u0430\u043d\u0438\u044f \u043a\u043e\u043d\u043a\u0443\u0440\u0435\u043d\u0442\u043e\u0432, \u0432\u043d\u0435 \u0437\u0430\u0432\u0438\u0441\u0438\u043c\u043e\u0441\u0442\u0438 \n\u043e\u0442 \u0438\u0445 \u0443\u0440\u043e\u0432\u043d\u044f, \u0434\u043e\u043b\u0436\u043d\u044b \u0431\u044b\u0442\u044c \u043f\u0440\u0435\u0432\u0440\u0430\u0449\u0435\u043d\u044b \u0432 \u043f\u043e\u0441\u043c\u0435\u0448\u0438\u0449\u0435, \u0445\u043e\u0442\u044f \u0441\u0430\u043c\u043e \u0438\u0445 \u0441\u0443\u0449\u0435\u0441\u0442\u0432\u043e\u0432\u0430\u043d\u0438\u0435 \u043f\u0440\u0438\u043d\u043e\u0441\u0438\u0442 \u043d\u0435\u0441\u043e\u043c\u043d\u0435\u043d\u043d\u0443\u044e \u043f\u043e\u043b\u044c\u0437\u0443 \n\u043e\u0431\u0449\u0435\u0441\u0442\u0432\u0443.", "text": "<p>\u0412\u044b\u0441\u043e\u043a\u043e\u043a\u0430\u0447\u0435\u0441\u0442\u0432\u0435\u043d\u043d\u044b\u0439 \u043f\u0440\u043e\u0442\u043e\u0442\u0438\u043f \u0431\u0443\u0434\u0443\u0449\u0435\u0433\u043e \u043f\u0440\u043e\u0435\u043a\u0442\u0430 \u043d\u0435 \u043e\u0441\u0442\u0430\u0432\u043b\u044f\u0435\u0442 \u0448\u0430\u043d\u0441\u0430 \n\u0434\u043b\u044f \u043f\u0440\u0438\u043e\u0440\u0438\u0442\u0438\u0437\u0430\u0446\u0438\u0438 \u0440\u0430\u0437\u0443\u043c\u0430 \u043d\u0430\u0434 \u044d\u043c\u043e\u0446\u0438\u044f\u043c\u0438. \u041f\u0440\u0438\u044f\u0442\u043d\u043e, \u0433\u0440\u0430\u0436\u0434\u0430\u043d\u0435, \u043d\u0430\u0431\u043b\u044e\u0434\u0430\u0442\u044c, \u043a\u0430\u043a \u0430\u043a\u0442\u0438\u0432\u043d\u043e \u0440\u0430\u0437\u0432\u0438\u0432\u0430\u044e\u0449\u0438\u0435\u0441\u044f \n\u0441\u0442\u0440\u0430\u043d\u044b \u0442\u0440\u0435\u0442\u044c\u0435\u0433\u043e \u043c\u0438\u0440\u0430, \u043f\u0440\u0435\u0432\u043e\u0437\u043c\u043e\u0433\u0430\u044f \u0441\u043b\u043e\u0436\u0438\u0432\u0448\u0443\u044e\u0441\u044f \u043d\u0435\u043f\u0440\u043e\u0441\u0442\u0443\u044e \u044d\u043a\u043e\u043d\u043e\u043c\u0438\u0447\u0435\u0441\u043a\u0443\u044e \u0441\u0438\u0442\u0443\u0430\u0446\u0438\u044e, \u043e\u0431\u044a\u044f\u0432\u043b\u0435\u043d\u044b \u043d\u0430\u0440\u0443\u0448\u0430\u044e\u0449\u0438\u043c\u0438 \n\u043e\u0431\u0449\u0435\u0447\u0435\u043b\u043e\u0432\u0435\u0447\u0435\u0441\u043a\u0438\u0435 \u043d\u043e\u0440\u043c\u044b \u044d\u0442\u0438\u043a\u0438 \u0438 \u043c\u043e\u0440\u0430\u043b\u0438. \u0412\u043d\u0435\u0437\u0430\u043f\u043d\u043e, \u0442\u0449\u0430\u0442\u0435\u043b\u044c\u043d\u044b\u0435 \u0438\u0441\u0441\u043b\u0435\u0434\u043e\u0432\u0430\u043d\u0438\u044f \u043a\u043e\u043d\u043a\u0443\u0440\u0435\u043d\u0442\u043e\u0432, \u043a\u043e\u0442\u043e\u0440\u044b\u0435 \u043f\u0440\u0435\u0434\u0441\u0442\u0430\u0432\u043b\u044f\u044e\u0442\n\u0441\u043e\u0431\u043e\u0439 \u044f\u0440\u043a\u0438\u0439 \u043f\u0440\u0438\u043c\u0435\u0440 \u043a\u043e\u043d\u0442\u0438\u043d\u0435\u043d\u0442\u0430\u043b\u044c\u043d\u043e-\u0435\u0432\u0440\u043e\u043f\u0435\u0439\u0441\u043a\u043e\u0433\u043e \u0442\u0438\u043f\u0430 \u043f\u043e\u043b\u0438\u0442\u0438\u0447\u0435\u0441\u043a\u043e\u0439 \u043a\u0443\u043b\u044c\u0442\u0443\u0440\u044b, \u0431\u0443\u0434\u0443\u0442 \u043e\u0431\u044a\u0435\u0434\u0438\u043d\u0435\u043d\u044b \u0432 \u0446\u0435\u043b\u044b\u0435 \u043a\u043b\u0430\u0441\u0442\u0435\u0440\u044b\n\u0441\u0435\u0431\u0435 \u043f\u043e\u0434\u043e\u0431\u043d\u044b\u0445. \u0422\u0430\u043a\u0438\u043c \u043e\u0431\u0440\u0430\u0437\u043e\u043c, \u0432\u044b\u0431\u0440\u0430\u043d\u043d\u044b\u0439 \u043d\u0430\u043c\u0438 \u0438\u043d\u043d\u043e\u0432\u0430\u0446\u0438\u043e\u043d\u043d\u044b\u0439 \u043f\u0443\u0442\u044c \u043e\u0431\u0435\u0441\u043f\u0435\u0447\u0438\u0432\u0430\u0435\u0442 \u0448\u0438\u0440\u043e\u043a\u043e\u043c\u0443 \u043a\u0440\u0443\u0433\u0443 (\u0441\u043f\u0435\u0446\u0438\u0430\u043b\u0438\u0441\u0442\u043e\u0432) \n\u0443\u0447\u0430\u0441\u0442\u0438\u0435 \u0432 \u0444\u043e\u0440\u043c\u0438\u0440\u043e\u0432\u0430\u043d\u0438\u0438 \u043f\u043e\u044d\u0442\u0430\u043f\u043d\u043e\u0433\u043e \u0438 \u043f\u043e\u0441\u043b\u0435\u0434\u043e\u0432\u0430\u0442\u0435\u043b\u044c\u043d\u043e\u0433\u043e \u0440\u0430\u0437\u0432\u0438\u0442\u0438\u044f \u043e\u0431\u0449\u0435\u0441\u0442\u0432\u0430.</p>"}}, {"model": "easy_news.news", "pk": 10, "fields": {"show": true, "title": "\u041d\u043e\u0432\u043e\u0441\u0442\u044c 9", "slug": "news-9", "author": "\u0424\u0435\u043e\u0444\u0430\u043d \u041c\u0430\u0442\u0432\u0435\u0435\u0432", "date": "2019-11-27", "creation_date": "2019-11-27", "short": "\u0412\u044b\u0441\u043e\u043a\u043e\u0442\u0435\u0445\u043d\u043e\u043b\u043e\u0433\u0438\u0447\u043d\u0430\u044f \u043a\u043e\u043d\u0446\u0435\u043f\u0446\u0438\u044f \u043e\u0431\u0449\u0435\u0441\u0442\u0432\u0435\u043d\u043d\u043e\u0433\u043e \u0443\u043a\u043b\u0430\u0434\u0430 \u0441\u043f\u043e\u0441\u043e\u0431\u0441\u0442\u0432\u0443\u0435\u0442 \u043f\u043e\u0434\u0433\u043e\u0442\u043e\u0432\u043a\u0435 \u0438 \u0440\u0435\u0430\u043b\u0438\u0437\u0430\u0446\u0438\u0438\n\u043f\u0435\u0440\u0435\u043e\u0441\u043c\u044b\u0441\u043b\u0435\u043d\u0438\u044f \u0432\u043d\u0435\u0448\u043d\u0435\u044d\u043a\u043e\u043d\u043e\u043c\u0438\u0447\u0435\u0441\u043a\u0438\u0445 \u043f\u043e\u043b\u0438\u0442\u0438\u043a. \u041a\u0441\u0442\u0430\u0442\u0438, \u0442\u0449\u0430\u0442\u0435\u043b\u044c\u043d\u044b\u0435 \u0438\u0441\u0441\u043b\u0435\u0434\u043e\u0432\u0430\u043d\u0438\u044f \u043a\u043e\u043d\u043a\u0443\u0440\u0435\u043d\u0442\u043e\u0432, \u0432\u043d\u0435 \u0437\u0430\u0432\u0438\u0441\u0438\u043c\u043e\u0441\u0442\u0438 \n\u043e\u0442 \u0438\u0445 \u0443\u0440\u043e\u0432\u043d\u044f, \u0434\u043e\u043b\u0436\u043d\u044b \u0431\u044b\u0442\u044c \u043f\u0440\u0435\u0432\u0440\u0430\u0449\u0435\u043d\u044b \u0432 \u043f\u043e\u0441\u043c\u0435\u0448\u0438\u0449\u0435, \u0445\u043e\u0442\u044f \u0441\u0430\u043c\u043e \u0438\u0445 \u0441\u0443\u0449\u0435\u0441\u0442\u0432\u043e\u0432\u0430\u043d\u0438\u0435 \u043f\u0440\u0438\u043d\u043e\u0441\u0438\u0442 \u043d\u0435\u0441\u043e\u043c\u043d\u0435\u043d\u043d\u0443\u044e \u043f\u043e\u043b\u044c\u0437\u0443 \n\u043e\u0431\u0449\u0435\u0441\u0442\u0432\u0443.", "text": "<p>\u0412\u044b\u0441\u043e\u043a\u043e\u043a\u0430\u0447\u0435\u0441\u0442\u0432\u0435\u043d\u043d\u044b\u0439 \u043f\u0440\u043e\u0442\u043e\u0442\u0438\u043f \u0431\u0443\u0434\u0443\u0449\u0435\u0433\u043e \u043f\u0440\u043e\u0435\u043a\u0442\u0430 \u043d\u0435 \u043e\u0441\u0442\u0430\u0432\u043b\u044f\u0435\u0442 \u0448\u0430\u043d\u0441\u0430 \n\u0434\u043b\u044f \u043f\u0440\u0438\u043e\u0440\u0438\u0442\u0438\u0437\u0430\u0446\u0438\u0438 \u0440\u0430\u0437\u0443\u043c\u0430 \u043d\u0430\u0434 \u044d\u043c\u043e\u0446\u0438\u044f\u043c\u0438. \u041f\u0440\u0438\u044f\u0442\u043d\u043e, \u0433\u0440\u0430\u0436\u0434\u0430\u043d\u0435, \u043d\u0430\u0431\u043b\u044e\u0434\u0430\u0442\u044c, \u043a\u0430\u043a \u0430\u043a\u0442\u0438\u0432\u043d\u043e \u0440\u0430\u0437\u0432\u0438\u0432\u0430\u044e\u0449\u0438\u0435\u0441\u044f \n\u0441\u0442\u0440\u0430\u043d\u044b \u0442\u0440\u0435\u0442\u044c\u0435\u0433\u043e \u043c\u0438\u0440\u0430, \u043f\u0440\u0435\u0432\u043e\u0437\u043c\u043e\u0433\u0430\u044f \u0441\u043b\u043e\u0436\u0438\u0432\u0448\u0443\u044e\u0441\u044f \u043d\u0435\u043f\u0440\u043e\u0441\u0442\u0443\u044e \u044d\u043a\u043e\u043d\u043e\u043c\u0438\u0447\u0435\u0441\u043a\u0443\u044e \u0441\u0438\u0442\u0443\u0430\u0446\u0438\u044e, \u043e\u0431\u044a\u044f\u0432\u043b\u0435\u043d\u044b \u043d\u0430\u0440\u0443\u0448\u0430\u044e\u0449\u0438\u043c\u0438 \n\u043e\u0431\u0449\u0435\u0447\u0435\u043b\u043e\u0432\u0435\u0447\u0435\u0441\u043a\u0438\u0435 \u043d\u043e\u0440\u043c\u044b \u044d\u0442\u0438\u043a\u0438 \u0438 \u043c\u043e\u0440\u0430\u043b\u0438. \u0412\u043d\u0435\u0437\u0430\u043f\u043d\u043e, \u0442\u0449\u0430\u0442\u0435\u043b\u044c\u043d\u044b\u0435 \u0438\u0441\u0441\u043b\u0435\u0434\u043e\u0432\u0430\u043d\u0438\u044f \u043a\u043e\u043d\u043a\u0443\u0440\u0435\u043d\u0442\u043e\u0432, \u043a\u043e\u0442\u043e\u0440\u044b\u0435 \u043f\u0440\u0435\u0434\u0441\u0442\u0430\u0432\u043b\u044f\u044e\u0442\n\u0441\u043e\u0431\u043e\u0439 \u044f\u0440\u043a\u0438\u0439 \u043f\u0440\u0438\u043c\u0435\u0440 \u043a\u043e\u043d\u0442\u0438\u043d\u0435\u043d\u0442\u0430\u043b\u044c\u043d\u043e-\u0435\u0432\u0440\u043e\u043f\u0435\u0439\u0441\u043a\u043e\u0433\u043e \u0442\u0438\u043f\u0430 \u043f\u043e\u043b\u0438\u0442\u0438\u0447\u0435\u0441\u043a\u043e\u0439 \u043a\u0443\u043b\u044c\u0442\u0443\u0440\u044b, \u0431\u0443\u0434\u0443\u0442 \u043e\u0431\u044a\u0435\u0434\u0438\u043d\u0435\u043d\u044b \u0432 \u0446\u0435\u043b\u044b\u0435 \u043a\u043b\u0430\u0441\u0442\u0435\u0440\u044b\n\u0441\u0435\u0431\u0435 \u043f\u043e\u0434\u043e\u0431\u043d\u044b\u0445. \u0422\u0430\u043a\u0438\u043c \u043e\u0431\u0440\u0430\u0437\u043e\u043c, \u0432\u044b\u0431\u0440\u0430\u043d\u043d\u044b\u0439 \u043d\u0430\u043c\u0438 \u0438\u043d\u043d\u043e\u0432\u0430\u0446\u0438\u043e\u043d\u043d\u044b\u0439 \u043f\u0443\u0442\u044c \u043e\u0431\u0435\u0441\u043f\u0435\u0447\u0438\u0432\u0430\u0435\u0442 \u0448\u0438\u0440\u043e\u043a\u043e\u043c\u0443 \u043a\u0440\u0443\u0433\u0443 (\u0441\u043f\u0435\u0446\u0438\u0430\u043b\u0438\u0441\u0442\u043e\u0432) \n\u0443\u0447\u0430\u0441\u0442\u0438\u0435 \u0432 \u0444\u043e\u0440\u043c\u0438\u0440\u043e\u0432\u0430\u043d\u0438\u0438 \u043f\u043e\u044d\u0442\u0430\u043f\u043d\u043e\u0433\u043e \u0438 \u043f\u043e\u0441\u043b\u0435\u0434\u043e\u0432\u0430\u0442\u0435\u043b\u044c\u043d\u043e\u0433\u043e \u0440\u0430\u0437\u0432\u0438\u0442\u0438\u044f \u043e\u0431\u0449\u0435\u0441\u0442\u0432\u0430.</p>"}}, {"model": "easy_news.news", "pk": 11, "fields": {"show": true, "title": "\u041d\u043e\u0432\u043e\u0441\u0442\u044c 10", "slug": "news-10", "author": "\u0424\u0435\u043e\u0444\u0430\u043d \u041c\u0430\u0442\u0432\u0435\u0435\u0432", "date": "2019-11-27", "creation_date": "2019-11-27", "short": "\u0412\u044b\u0441\u043e\u043a\u043e\u0442\u0435\u0445\u043d\u043e\u043b\u043e\u0433\u0438\u0447\u043d\u0430\u044f \u043a\u043e\u043d\u0446\u0435\u043f\u0446\u0438\u044f \u043e\u0431\u0449\u0435\u0441\u0442\u0432\u0435\u043d\u043d\u043e\u0433\u043e \u0443\u043a\u043b\u0430\u0434\u0430 \u0441\u043f\u043e\u0441\u043e\u0431\u0441\u0442\u0432\u0443\u0435\u0442 \u043f\u043e\u0434\u0433\u043e\u0442\u043e\u0432\u043a\u0435 \u0438 \u0440\u0435\u0430\u043b\u0438\u0437\u0430\u0446\u0438\u0438\n\u043f\u0435\u0440\u0435\u043e\u0441\u043c\u044b\u0441\u043b\u0435\u043d\u0438\u044f \u0432\u043d\u0435\u0448\u043d\u0435\u044d\u043a\u043e\u043d\u043e\u043c\u0438\u0447\u0435\u0441\u043a\u0438\u0445 \u043f\u043e\u043b\u0438\u0442\u0438\u043a. \u041a\u0441\u0442\u0430\u0442\u0438, \u0442\u0449\u0430\u0442\u0435\u043b\u044c\u043d\u044b\u0435 \u0438\u0441\u0441\u043b\u0435\u0434\u043e\u0432\u0430\u043d\u0438\u044f \u043a\u043e\u043d\u043a\u0443\u0440\u0435\u043d\u0442\u043e\u0432, \u0432\u043d\u0435 \u0437\u0430\u0432\u0438\u0441\u0438\u043c\u043e\u0441\u0442\u0438 \n\u043e\u0442 \u0438\u0445 \u0443\u0440\u043e\u0432\u043d\u044f, \u0434\u043e\u043b\u0436\u043d\u044b \u0431\u044b\u0442\u044c \u043f\u0440\u0435\u0432\u0440\u0430\u0449\u0435\u043d\u044b \u0432 \u043f\u043e\u0441\u043c\u0435\u0448\u0438\u0449\u0435, \u0445\u043e\u0442\u044f \u0441\u0430\u043c\u043e \u0438\u0445 \u0441\u0443\u0449\u0435\u0441\u0442\u0432\u043e\u0432\u0430\u043d\u0438\u0435 \u043f\u0440\u0438\u043d\u043e\u0441\u0438\u0442 \u043d\u0435\u0441\u043e\u043c\u043d\u0435\u043d\u043d\u0443\u044e \u043f\u043e\u043b\u044c\u0437\u0443 \n\u043e\u0431\u0449\u0435\u0441\u0442\u0432\u0443.", "text": "<p>\u0412\u044b\u0441\u043e\u043a\u043e\u043a\u0430\u0447\u0435\u0441\u0442\u0432\u0435\u043d\u043d\u044b\u0439 \u043f\u0440\u043e\u0442\u043e\u0442\u0438\u043f \u0431\u0443\u0434\u0443\u0449\u0435\u0433\u043e \u043f\u0440\u043e\u0435\u043a\u0442\u0430 \u043d\u0435 \u043e\u0441\u0442\u0430\u0432\u043b\u044f\u0435\u0442 \u0448\u0430\u043d\u0441\u0430 \n\u0434\u043b\u044f \u043f\u0440\u0438\u043e\u0440\u0438\u0442\u0438\u0437\u0430\u0446\u0438\u0438 \u0440\u0430\u0437\u0443\u043c\u0430 \u043d\u0430\u0434 \u044d\u043c\u043e\u0446\u0438\u044f\u043c\u0438. \u041f\u0440\u0438\u044f\u0442\u043d\u043e, \u0433\u0440\u0430\u0436\u0434\u0430\u043d\u0435, \u043d\u0430\u0431\u043b\u044e\u0434\u0430\u0442\u044c, \u043a\u0430\u043a \u0430\u043a\u0442\u0438\u0432\u043d\u043e \u0440\u0430\u0437\u0432\u0438\u0432\u0430\u044e\u0449\u0438\u0435\u0441\u044f \n\u0441\u0442\u0440\u0430\u043d\u044b \u0442\u0440\u0435\u0442\u044c\u0435\u0433\u043e \u043c\u0438\u0440\u0430, \u043f\u0440\u0435\u0432\u043e\u0437\u043c\u043e\u0433\u0430\u044f \u0441\u043b\u043e\u0436\u0438\u0432\u0448\u0443\u044e\u0441\u044f \u043d\u0435\u043f\u0440\u043e\u0441\u0442\u0443\u044e \u044d\u043a\u043e\u043d\u043e\u043c\u0438\u0447\u0435\u0441\u043a\u0443\u044e \u0441\u0438\u0442\u0443\u0430\u0446\u0438\u044e, \u043e\u0431\u044a\u044f\u0432\u043b\u0435\u043d\u044b \u043d\u0430\u0440\u0443\u0448\u0430\u044e\u0449\u0438\u043c\u0438 \n\u043e\u0431\u0449\u0435\u0447\u0435\u043b\u043e\u0432\u0435\u0447\u0435\u0441\u043a\u0438\u0435 \u043d\u043e\u0440\u043c\u044b \u044d\u0442\u0438\u043a\u0438 \u0438 \u043c\u043e\u0440\u0430\u043b\u0438. \u0412\u043d\u0435\u0437\u0430\u043f\u043d\u043e, \u0442\u0449\u0430\u0442\u0435\u043b\u044c\u043d\u044b\u0435 \u0438\u0441\u0441\u043b\u0435\u0434\u043e\u0432\u0430\u043d\u0438\u044f \u043a\u043e\u043d\u043a\u0443\u0440\u0435\u043d\u0442\u043e\u0432, \u043a\u043e\u0442\u043e\u0440\u044b\u0435 \u043f\u0440\u0435\u0434\u0441\u0442\u0430\u0432\u043b\u044f\u044e\u0442\n\u0441\u043e\u0431\u043e\u0439 \u044f\u0440\u043a\u0438\u0439 \u043f\u0440\u0438\u043c\u0435\u0440 \u043a\u043e\u043d\u0442\u0438\u043d\u0435\u043d\u0442\u0430\u043b\u044c\u043d\u043e-\u0435\u0432\u0440\u043e\u043f\u0435\u0439\u0441\u043a\u043e\u0433\u043e \u0442\u0438\u043f\u0430 \u043f\u043e\u043b\u0438\u0442\u0438\u0447\u0435\u0441\u043a\u043e\u0439 \u043a\u0443\u043b\u044c\u0442\u0443\u0440\u044b, \u0431\u0443\u0434\u0443\u0442 \u043e\u0431\u044a\u0435\u0434\u0438\u043d\u0435\u043d\u044b \u0432 \u0446\u0435\u043b\u044b\u0435 \u043a\u043b\u0430\u0441\u0442\u0435\u0440\u044b\n\u0441\u0435\u0431\u0435 \u043f\u043e\u0434\u043e\u0431\u043d\u044b\u0445. \u0422\u0430\u043a\u0438\u043c \u043e\u0431\u0440\u0430\u0437\u043e\u043c, \u0432\u044b\u0431\u0440\u0430\u043d\u043d\u044b\u0439 \u043d\u0430\u043c\u0438 \u0438\u043d\u043d\u043e\u0432\u0430\u0446\u0438\u043e\u043d\u043d\u044b\u0439 \u043f\u0443\u0442\u044c \u043e\u0431\u0435\u0441\u043f\u0435\u0447\u0438\u0432\u0430\u0435\u0442 \u0448\u0438\u0440\u043e\u043a\u043e\u043c\u0443 \u043a\u0440\u0443\u0433\u0443 (\u0441\u043f\u0435\u0446\u0438\u0430\u043b\u0438\u0441\u0442\u043e\u0432) \n\u0443\u0447\u0430\u0441\u0442\u0438\u0435 \u0432 \u0444\u043e\u0440\u043c\u0438\u0440\u043e\u0432\u0430\u043d\u0438\u0438 \u043f\u043e\u044d\u0442\u0430\u043f\u043d\u043e\u0433\u043e \u0438 \u043f\u043e\u0441\u043b\u0435\u0434\u043e\u0432\u0430\u0442\u0435\u043b\u044c\u043d\u043e\u0433\u043e \u0440\u0430\u0437\u0432\u0438\u0442\u0438\u044f \u043e\u0431\u0449\u0435\u0441\u0442\u0432\u0430.</p>"}}, {"model": "easy_news.news", "pk": 12, "fields": {"show": true, "title": "\u041d\u043e\u0432\u043e\u0441\u0442\u044c 11", "slug": "news-11", "author": "\u0424\u0435\u043e\u0444\u0430\u043d \u041c\u0430\u0442\u0432\u0435\u0435\u0432", "date": "2019-11-27", "creation_date": "2019-11-27", "short": "\u0412\u044b\u0441\u043e\u043a\u043e\u0442\u0435\u0445\u043d\u043e\u043b\u043e\u0433\u0438\u0447\u043d\u0430\u044f \u043a\u043e\u043d\u0446\u0435\u043f\u0446\u0438\u044f \u043e\u0431\u0449\u0435\u0441\u0442\u0432\u0435\u043d\u043d\u043e\u0433\u043e \u0443\u043a\u043b\u0430\u0434\u0430 \u0441\u043f\u043e\u0441\u043e\u0431\u0441\u0442\u0432\u0443\u0435\u0442 \u043f\u043e\u0434\u0433\u043e\u0442\u043e\u0432\u043a\u0435 \u0438 \u0440\u0435\u0430\u043b\u0438\u0437\u0430\u0446\u0438\u0438\n\u043f\u0435\u0440\u0435\u043e\u0441\u043c\u044b\u0441\u043b\u0435\u043d\u0438\u044f \u0432\u043d\u0435\u0448\u043d\u0435\u044d\u043a\u043e\u043d\u043e\u043c\u0438\u0447\u0435\u0441\u043a\u0438\u0445 \u043f\u043e\u043b\u0438\u0442\u0438\u043a. \u041a\u0441\u0442\u0430\u0442\u0438, \u0442\u0449\u0430\u0442\u0435\u043b\u044c\u043d\u044b\u0435 \u0438\u0441\u0441\u043b\u0435\u0434\u043e\u0432\u0430\u043d\u0438\u044f \u043a\u043e\u043d\u043a\u0443\u0440\u0435\u043d\u0442\u043e\u0432, \u0432\u043d\u0435 \u0437\u0430\u0432\u0438\u0441\u0438\u043c\u043e\u0441\u0442\u0438 \n\u043e\u0442 \u0438\u0445 \u0443\u0440\u043e\u0432\u043d\u044f, \u0434\u043e\u043b\u0436\u043d\u044b \u0431\u044b\u0442\u044c \u043f\u0440\u0435\u0432\u0440\u0430\u0449\u0435\u043d\u044b \u0432 \u043f\u043e\u0441\u043c\u0435\u0448\u0438\u0449\u0435, \u0445\u043e\u0442\u044f \u0441\u0430\u043c\u043e \u0438\u0445 \u0441\u0443\u0449\u0435\u0441\u0442\u0432\u043e\u0432\u0430\u043d\u0438\u0435 \u043f\u0440\u0438\u043d\u043e\u0441\u0438\u0442 \u043d\u0435\u0441\u043e\u043c\u043d\u0435\u043d\u043d\u0443\u044e \u043f\u043e\u043b\u044c\u0437\u0443 \n\u043e\u0431\u0449\u0435\u0441\u0442\u0432\u0443.", "text": "<p>\u0412\u044b\u0441\u043e\u043a\u043e\u043a\u0430\u0447\u0435\u0441\u0442\u0432\u0435\u043d\u043d\u044b\u0439 \u043f\u0440\u043e\u0442\u043e\u0442\u0438\u043f \u0431\u0443\u0434\u0443\u0449\u0435\u0433\u043e \u043f\u0440\u043e\u0435\u043a\u0442\u0430 \u043d\u0435 \u043e\u0441\u0442\u0430\u0432\u043b\u044f\u0435\u0442 \u0448\u0430\u043d\u0441\u0430 \n\u0434\u043b\u044f \u043f\u0440\u0438\u043e\u0440\u0438\u0442\u0438\u0437\u0430\u0446\u0438\u0438 \u0440\u0430\u0437\u0443\u043c\u0430 \u043d\u0430\u0434 \u044d\u043c\u043e\u0446\u0438\u044f\u043c\u0438. \u041f\u0440\u0438\u044f\u0442\u043d\u043e, \u0433\u0440\u0430\u0436\u0434\u0430\u043d\u0435, \u043d\u0430\u0431\u043b\u044e\u0434\u0430\u0442\u044c, \u043a\u0430\u043a \u0430\u043a\u0442\u0438\u0432\u043d\u043e \u0440\u0430\u0437\u0432\u0438\u0432\u0430\u044e\u0449\u0438\u0435\u0441\u044f \n\u0441\u0442\u0440\u0430\u043d\u044b \u0442\u0440\u0435\u0442\u044c\u0435\u0433\u043e \u043c\u0438\u0440\u0430, \u043f\u0440\u0435\u0432\u043e\u0437\u043c\u043e\u0433\u0430\u044f \u0441\u043b\u043e\u0436\u0438\u0432\u0448\u0443\u044e\u0441\u044f \u043d\u0435\u043f\u0440\u043e\u0441\u0442\u0443\u044e \u044d\u043a\u043e\u043d\u043e\u043c\u0438\u0447\u0435\u0441\u043a\u0443\u044e \u0441\u0438\u0442\u0443\u0430\u0446\u0438\u044e, \u043e\u0431\u044a\u044f\u0432\u043b\u0435\u043d\u044b \u043d\u0430\u0440\u0443\u0448\u0430\u044e\u0449\u0438\u043c\u0438 \n\u043e\u0431\u0449\u0435\u0447\u0435\u043b\u043e\u0432\u0435\u0447\u0435\u0441\u043a\u0438\u0435 \u043d\u043e\u0440\u043c\u044b \u044d\u0442\u0438\u043a\u0438 \u0438 \u043c\u043e\u0440\u0430\u043b\u0438. \u0412\u043d\u0435\u0437\u0430\u043f\u043d\u043e, \u0442\u0449\u0430\u0442\u0435\u043b\u044c\u043d\u044b\u0435 \u0438\u0441\u0441\u043b\u0435\u0434\u043e\u0432\u0430\u043d\u0438\u044f \u043a\u043e\u043d\u043a\u0443\u0440\u0435\u043d\u0442\u043e\u0432, \u043a\u043e\u0442\u043e\u0440\u044b\u0435 \u043f\u0440\u0435\u0434\u0441\u0442\u0430\u0432\u043b\u044f\u044e\u0442\n\u0441\u043e\u0431\u043e\u0439 \u044f\u0440\u043a\u0438\u0439 \u043f\u0440\u0438\u043c\u0435\u0440 \u043a\u043e\u043d\u0442\u0438\u043d\u0435\u043d\u0442\u0430\u043b\u044c\u043d\u043e-\u0435\u0432\u0440\u043e\u043f\u0435\u0439\u0441\u043a\u043e\u0433\u043e \u0442\u0438\u043f\u0430 \u043f\u043e\u043b\u0438\u0442\u0438\u0447\u0435\u0441\u043a\u043e\u0439 \u043a\u0443\u043b\u044c\u0442\u0443\u0440\u044b, \u0431\u0443\u0434\u0443\u0442 \u043e\u0431\u044a\u0435\u0434\u0438\u043d\u0435\u043d\u044b \u0432 \u0446\u0435\u043b\u044b\u0435 \u043a\u043b\u0430\u0441\u0442\u0435\u0440\u044b\n\u0441\u0435\u0431\u0435 \u043f\u043e\u0434\u043e\u0431\u043d\u044b\u0445. \u0422\u0430\u043a\u0438\u043c \u043e\u0431\u0440\u0430\u0437\u043e\u043c, \u0432\u044b\u0431\u0440\u0430\u043d\u043d\u044b\u0439 \u043d\u0430\u043c\u0438 \u0438\u043d\u043d\u043e\u0432\u0430\u0446\u0438\u043e\u043d\u043d\u044b\u0439 \u043f\u0443\u0442\u044c \u043e\u0431\u0435\u0441\u043f\u0435\u0447\u0438\u0432\u0430\u0435\u0442 \u0448\u0438\u0440\u043e\u043a\u043e\u043c\u0443 \u043a\u0440\u0443\u0433\u0443 (\u0441\u043f\u0435\u0446\u0438\u0430\u043b\u0438\u0441\u0442\u043e\u0432) \n\u0443\u0447\u0430\u0441\u0442\u0438\u0435 \u0432 \u0444\u043e\u0440\u043c\u0438\u0440\u043e\u0432\u0430\u043d\u0438\u0438 \u043f\u043e\u044d\u0442\u0430\u043f\u043d\u043e\u0433\u043e \u0438 \u043f\u043e\u0441\u043b\u0435\u0434\u043e\u0432\u0430\u0442\u0435\u043b\u044c\u043d\u043e\u0433\u043e \u0440\u0430\u0437\u0432\u0438\u0442\u0438\u044f \u043e\u0431\u0449\u0435\u0441\u0442\u0432\u0430.</p>"}}, {"model": "easy_news.news", "pk": 13, "fields": {"show": true, "title": "\u041d\u043e\u0432\u043e\u0441\u0442\u044c 12", "slug": "news-12", "author": "\u0424\u0435\u043e\u0444\u0430\u043d \u041c\u0430\u0442\u0432\u0435\u0435\u0432", "date": "2019-11-27", "creation_date": "2019-11-27", "short": "\u0412\u044b\u0441\u043e\u043a\u043e\u0442\u0435\u0445\u043d\u043e\u043b\u043e\u0433\u0438\u0447\u043d\u0430\u044f \u043a\u043e\u043d\u0446\u0435\u043f\u0446\u0438\u044f \u043e\u0431\u0449\u0435\u0441\u0442\u0432\u0435\u043d\u043d\u043e\u0433\u043e \u0443\u043a\u043b\u0430\u0434\u0430 \u0441\u043f\u043e\u0441\u043e\u0431\u0441\u0442\u0432\u0443\u0435\u0442 \u043f\u043e\u0434\u0433\u043e\u0442\u043e\u0432\u043a\u0435 \u0438 \u0440\u0435\u0430\u043b\u0438\u0437\u0430\u0446\u0438\u0438\n\u043f\u0435\u0440\u0435\u043e\u0441\u043c\u044b\u0441\u043b\u0435\u043d\u0438\u044f \u0432\u043d\u0435\u0448\u043d\u0435\u044d\u043a\u043e\u043d\u043e\u043c\u0438\u0447\u0435\u0441\u043a\u0438\u0445 \u043f\u043e\u043b\u0438\u0442\u0438\u043a. \u041a\u0441\u0442\u0430\u0442\u0438, \u0442\u0449\u0430\u0442\u0435\u043b\u044c\u043d\u044b\u0435 \u0438\u0441\u0441\u043b\u0435\u0434\u043e\u0432\u0430\u043d\u0438\u044f \u043a\u043e\u043d\u043a\u0443\u0440\u0435\u043d\u0442\u043e\u0432, \u0432\u043d\u0435 \u0437\u0430\u0432\u0438\u0441\u0438\u043c\u043e\u0441\u0442\u0438 \n\u043e\u0442 \u0438\u0445 \u0443\u0440\u043e\u0432\u043d\u044f, \u0434\u043e\u043b\u0436\u043d\u044b \u0431\u044b\u0442\u044c \u043f\u0440\u0435\u0432\u0440\u0430\u0449\u0435\u043d\u044b \u0432 \u043f\u043e\u0441\u043c\u0435\u0448\u0438\u0449\u0435, \u0445\u043e\u0442\u044f \u0441\u0430\u043c\u043e \u0438\u0445 \u0441\u0443\u0449\u0435\u0441\u0442\u0432\u043e\u0432\u0430\u043d\u0438\u0435 \u043f\u0440\u0438\u043d\u043e\u0441\u0438\u0442 \u043d\u0435\u0441\u043e\u043c\u043d\u0435\u043d\u043d\u0443\u044e \u043f\u043e\u043b\u044c\u0437\u0443 \n\u043e\u0431\u0449\u0435\u0441\u0442\u0432\u0443.", "text": "<p>\u0412\u044b\u0441\u043e\u043a\u043e\u043a\u0430\u0447\u0435\u0441\u0442\u0432\u0435\u043d\u043d\u044b\u0439 \u043f\u0440\u043e\u0442\u043e\u0442\u0438\u043f \u0431\u0443\u0434\u0443\u0449\u0435\u0433\u043e \u043f\u0440\u043e\u0435\u043a\u0442\u0430 \u043d\u0435 \u043e\u0441\u0442\u0430\u0432\u043b\u044f\u0435\u0442 \u0448\u0430\u043d\u0441\u0430 \n\u0434\u043b\u044f \u043f\u0440\u0438\u043e\u0440\u0438\u0442\u0438\u0437\u0430\u0446\u0438\u0438 \u0440\u0430\u0437\u0443\u043c\u0430 \u043d\u0430\u0434 \u044d\u043c\u043e\u0446\u0438\u044f\u043c\u0438. \u041f\u0440\u0438\u044f\u0442\u043d\u043e, \u0433\u0440\u0430\u0436\u0434\u0430\u043d\u0435, \u043d\u0430\u0431\u043b\u044e\u0434\u0430\u0442\u044c, \u043a\u0430\u043a \u0430\u043a\u0442\u0438\u0432\u043d\u043e \u0440\u0430\u0437\u0432\u0438\u0432\u0430\u044e\u0449\u0438\u0435\u0441\u044f \n\u0441\u0442\u0440\u0430\u043d\u044b \u0442\u0440\u0435\u0442\u044c\u0435\u0433\u043e \u043c\u0438\u0440\u0430, \u043f\u0440\u0435\u0432\u043e\u0437\u043c\u043e\u0433\u0430\u044f \u0441\u043b\u043e\u0436\u0438\u0432\u0448\u0443\u044e\u0441\u044f \u043d\u0435\u043f\u0440\u043e\u0441\u0442\u0443\u044e \u044d\u043a\u043e\u043d\u043e\u043c\u0438\u0447\u0435\u0441\u043a\u0443\u044e \u0441\u0438\u0442\u0443\u0430\u0446\u0438\u044e, \u043e\u0431\u044a\u044f\u0432\u043b\u0435\u043d\u044b \u043d\u0430\u0440\u0443\u0448\u0430\u044e\u0449\u0438\u043c\u0438 \n\u043e\u0431\u0449\u0435\u0447\u0435\u043b\u043e\u0432\u0435\u0447\u0435\u0441\u043a\u0438\u0435 \u043d\u043e\u0440\u043c\u044b \u044d\u0442\u0438\u043a\u0438 \u0438 \u043c\u043e\u0440\u0430\u043b\u0438. \u0412\u043d\u0435\u0437\u0430\u043f\u043d\u043e, \u0442\u0449\u0430\u0442\u0435\u043b\u044c\u043d\u044b\u0435 \u0438\u0441\u0441\u043b\u0435\u0434\u043e\u0432\u0430\u043d\u0438\u044f \u043a\u043e\u043d\u043a\u0443\u0440\u0435\u043d\u0442\u043e\u0432, \u043a\u043e\u0442\u043e\u0440\u044b\u0435 \u043f\u0440\u0435\u0434\u0441\u0442\u0430\u0432\u043b\u044f\u044e\u0442\n\u0441\u043e\u0431\u043e\u0439 \u044f\u0440\u043a\u0438\u0439 \u043f\u0440\u0438\u043c\u0435\u0440 \u043a\u043e\u043d\u0442\u0438\u043d\u0435\u043d\u0442\u0430\u043b\u044c\u043d\u043e-\u0435\u0432\u0440\u043e\u043f\u0435\u0439\u0441\u043a\u043e\u0433\u043e \u0442\u0438\u043f\u0430 \u043f\u043e\u043b\u0438\u0442\u0438\u0447\u0435\u0441\u043a\u043e\u0439 \u043a\u0443\u043b\u044c\u0442\u0443\u0440\u044b, \u0431\u0443\u0434\u0443\u0442 \u043e\u0431\u044a\u0435\u0434\u0438\u043d\u0435\u043d\u044b \u0432 \u0446\u0435\u043b\u044b\u0435 \u043a\u043b\u0430\u0441\u0442\u0435\u0440\u044b\n\u0441\u0435\u0431\u0435 \u043f\u043e\u0434\u043e\u0431\u043d\u044b\u0445. \u0422\u0430\u043a\u0438\u043c \u043e\u0431\u0440\u0430\u0437\u043e\u043c, \u0432\u044b\u0431\u0440\u0430\u043d\u043d\u044b\u0439 \u043d\u0430\u043c\u0438 \u0438\u043d\u043d\u043e\u0432\u0430\u0446\u0438\u043e\u043d\u043d\u044b\u0439 \u043f\u0443\u0442\u044c \u043e\u0431\u0435\u0441\u043f\u0435\u0447\u0438\u0432\u0430\u0435\u0442 \u0448\u0438\u0440\u043e\u043a\u043e\u043c\u0443 \u043a\u0440\u0443\u0433\u0443 (\u0441\u043f\u0435\u0446\u0438\u0430\u043b\u0438\u0441\u0442\u043e\u0432) \n\u0443\u0447\u0430\u0441\u0442\u0438\u0435 \u0432 \u0444\u043e\u0440\u043c\u0438\u0440\u043e\u0432\u0430\u043d\u0438\u0438 \u043f\u043e\u044d\u0442\u0430\u043f\u043d\u043e\u0433\u043e \u0438 \u043f\u043e\u0441\u043b\u0435\u0434\u043e\u0432\u0430\u0442\u0435\u043b\u044c\u043d\u043e\u0433\u043e \u0440\u0430\u0437\u0432\u0438\u0442\u0438\u044f \u043e\u0431\u0449\u0435\u0441\u0442\u0432\u0430.</p>"}}, {"model": "easy_news.news", "pk": 14, "fields": {"show": true, "title": "\u041d\u043e\u0432\u043e\u0441\u0442\u044c 13", "slug": "news-13", "author": "\u0424\u0435\u043e\u0444\u0430\u043d \u041c\u0430\u0442\u0432\u0435\u0435\u0432", "date": "2019-11-27", "creation_date": "2019-11-27", "short": "\u0412\u044b\u0441\u043e\u043a\u043e\u0442\u0435\u0445\u043d\u043e\u043b\u043e\u0433\u0438\u0447\u043d\u0430\u044f \u043a\u043e\u043d\u0446\u0435\u043f\u0446\u0438\u044f \u043e\u0431\u0449\u0435\u0441\u0442\u0432\u0435\u043d\u043d\u043e\u0433\u043e \u0443\u043a\u043b\u0430\u0434\u0430 \u0441\u043f\u043e\u0441\u043e\u0431\u0441\u0442\u0432\u0443\u0435\u0442 \u043f\u043e\u0434\u0433\u043e\u0442\u043e\u0432\u043a\u0435 \u0438 \u0440\u0435\u0430\u043b\u0438\u0437\u0430\u0446\u0438\u0438\n\u043f\u0435\u0440\u0435\u043e\u0441\u043c\u044b\u0441\u043b\u0435\u043d\u0438\u044f \u0432\u043d\u0435\u0448\u043d\u0435\u044d\u043a\u043e\u043d\u043e\u043c\u0438\u0447\u0435\u0441\u043a\u0438\u0445 \u043f\u043e\u043b\u0438\u0442\u0438\u043a. \u041a\u0441\u0442\u0430\u0442\u0438, \u0442\u0449\u0430\u0442\u0435\u043b\u044c\u043d\u044b\u0435 \u0438\u0441\u0441\u043b\u0435\u0434\u043e\u0432\u0430\u043d\u0438\u044f \u043a\u043e\u043d\u043a\u0443\u0440\u0435\u043d\u0442\u043e\u0432, \u0432\u043d\u0435 \u0437\u0430\u0432\u0438\u0441\u0438\u043c\u043e\u0441\u0442\u0438 \n\u043e\u0442 \u0438\u0445 \u0443\u0440\u043e\u0432\u043d\u044f, \u0434\u043e\u043b\u0436\u043d\u044b \u0431\u044b\u0442\u044c \u043f\u0440\u0435\u0432\u0440\u0430\u0449\u0435\u043d\u044b \u0432 \u043f\u043e\u0441\u043c\u0435\u0448\u0438\u0449\u0435, \u0445\u043e\u0442\u044f \u0441\u0430\u043c\u043e \u0438\u0445 \u0441\u0443\u0449\u0435\u0441\u0442\u0432\u043e\u0432\u0430\u043d\u0438\u0435 \u043f\u0440\u0438\u043d\u043e\u0441\u0438\u0442 \u043d\u0435\u0441\u043e\u043c\u043d\u0435\u043d\u043d\u0443\u044e \u043f\u043e\u043b\u044c\u0437\u0443 \n\u043e\u0431\u0449\u0435\u0441\u0442\u0432\u0443.", "text": "<p>\u0412\u044b\u0441\u043e\u043a\u043e\u043a\u0430\u0447\u0435\u0441\u0442\u0432\u0435\u043d\u043d\u044b\u0439 \u043f\u0440\u043e\u0442\u043e\u0442\u0438\u043f \u0431\u0443\u0434\u0443\u0449\u0435\u0433\u043e \u043f\u0440\u043e\u0435\u043a\u0442\u0430 \u043d\u0435 \u043e\u0441\u0442\u0430\u0432\u043b\u044f\u0435\u0442 \u0448\u0430\u043d\u0441\u0430 \n\u0434\u043b\u044f \u043f\u0440\u0438\u043e\u0440\u0438\u0442\u0438\u0437\u0430\u0446\u0438\u0438 \u0440\u0430\u0437\u0443\u043c\u0430 \u043d\u0430\u0434 \u044d\u043c\u043e\u0446\u0438\u044f\u043c\u0438. \u041f\u0440\u0438\u044f\u0442\u043d\u043e, \u0433\u0440\u0430\u0436\u0434\u0430\u043d\u0435, \u043d\u0430\u0431\u043b\u044e\u0434\u0430\u0442\u044c, \u043a\u0430\u043a \u0430\u043a\u0442\u0438\u0432\u043d\u043e \u0440\u0430\u0437\u0432\u0438\u0432\u0430\u044e\u0449\u0438\u0435\u0441\u044f \n\u0441\u0442\u0440\u0430\u043d\u044b \u0442\u0440\u0435\u0442\u044c\u0435\u0433\u043e \u043c\u0438\u0440\u0430, \u043f\u0440\u0435\u0432\u043e\u0437\u043c\u043e\u0433\u0430\u044f \u0441\u043b\u043e\u0436\u0438\u0432\u0448\u0443\u044e\u0441\u044f \u043d\u0435\u043f\u0440\u043e\u0441\u0442\u0443\u044e \u044d\u043a\u043e\u043d\u043e\u043c\u0438\u0447\u0435\u0441\u043a\u0443\u044e \u0441\u0438\u0442\u0443\u0430\u0446\u0438\u044e, \u043e\u0431\u044a\u044f\u0432\u043b\u0435\u043d\u044b \u043d\u0430\u0440\u0443\u0448\u0430\u044e\u0449\u0438\u043c\u0438 \n\u043e\u0431\u0449\u0435\u0447\u0435\u043b\u043e\u0432\u0435\u0447\u0435\u0441\u043a\u0438\u0435 \u043d\u043e\u0440\u043c\u044b \u044d\u0442\u0438\u043a\u0438 \u0438 \u043c\u043e\u0440\u0430\u043b\u0438. \u0412\u043d\u0435\u0437\u0430\u043f\u043d\u043e, \u0442\u0449\u0430\u0442\u0435\u043b\u044c\u043d\u044b\u0435 \u0438\u0441\u0441\u043b\u0435\u0434\u043e\u0432\u0430\u043d\u0438\u044f \u043a\u043e\u043d\u043a\u0443\u0440\u0435\u043d\u0442\u043e\u0432, \u043a\u043e\u0442\u043e\u0440\u044b\u0435 \u043f\u0440\u0435\u0434\u0441\u0442\u0430\u0432\u043b\u044f\u044e\u0442\n\u0441\u043e\u0431\u043e\u0439 \u044f\u0440\u043a\u0438\u0439 \u043f\u0440\u0438\u043c\u0435\u0440 \u043a\u043e\u043d\u0442\u0438\u043d\u0435\u043d\u0442\u0430\u043b\u044c\u043d\u043e-\u0435\u0432\u0440\u043e\u043f\u0435\u0439\u0441\u043a\u043e\u0433\u043e \u0442\u0438\u043f\u0430 \u043f\u043e\u043b\u0438\u0442\u0438\u0447\u0435\u0441\u043a\u043e\u0439 \u043a\u0443\u043b\u044c\u0442\u0443\u0440\u044b, \u0431\u0443\u0434\u0443\u0442 \u043e\u0431\u044a\u0435\u0434\u0438\u043d\u0435\u043d\u044b \u0432 \u0446\u0435\u043b\u044b\u0435 \u043a\u043b\u0430\u0441\u0442\u0435\u0440\u044b\n\u0441\u0435\u0431\u0435 \u043f\u043e\u0434\u043e\u0431\u043d\u044b\u0445. \u0422\u0430\u043a\u0438\u043c \u043e\u0431\u0440\u0430\u0437\u043e\u043c, \u0432\u044b\u0431\u0440\u0430\u043d\u043d\u044b\u0439 \u043d\u0430\u043c\u0438 \u0438\u043d\u043d\u043e\u0432\u0430\u0446\u0438\u043e\u043d\u043d\u044b\u0439 \u043f\u0443\u0442\u044c \u043e\u0431\u0435\u0441\u043f\u0435\u0447\u0438\u0432\u0430\u0435\u0442 \u0448\u0438\u0440\u043e\u043a\u043e\u043c\u0443 \u043a\u0440\u0443\u0433\u0443 (\u0441\u043f\u0435\u0446\u0438\u0430\u043b\u0438\u0441\u0442\u043e\u0432) \n\u0443\u0447\u0430\u0441\u0442\u0438\u0435 \u0432 \u0444\u043e\u0440\u043c\u0438\u0440\u043e\u0432\u0430\u043d\u0438\u0438 \u043f\u043e\u044d\u0442\u0430\u043f\u043d\u043e\u0433\u043e \u0438 \u043f\u043e\u0441\u043b\u0435\u0434\u043e\u0432\u0430\u0442\u0435\u043b\u044c\u043d\u043e\u0433\u043e \u0440\u0430\u0437\u0432\u0438\u0442\u0438\u044f \u043e\u0431\u0449\u0435\u0441\u0442\u0432\u0430.</p>"}}, {"model": "easy_news.news", "pk": 15, "fields": {"show": true, "title": "\u041d\u043e\u0432\u043e\u0441\u0442\u044c 14", "slug": "news-14", "author": "\u0424\u0435\u043e\u0444\u0430\u043d \u041c\u0430\u0442\u0432\u0435\u0435\u0432", "date": "2019-11-27", "creation_date": "2019-11-27", "short": "\u0412\u044b\u0441\u043e\u043a\u043e\u0442\u0435\u0445\u043d\u043e\u043b\u043e\u0433\u0438\u0447\u043d\u0430\u044f \u043a\u043e\u043d\u0446\u0435\u043f\u0446\u0438\u044f \u043e\u0431\u0449\u0435\u0441\u0442\u0432\u0435\u043d\u043d\u043e\u0433\u043e \u0443\u043a\u043b\u0430\u0434\u0430 \u0441\u043f\u043e\u0441\u043e\u0431\u0441\u0442\u0432\u0443\u0435\u0442 \u043f\u043e\u0434\u0433\u043e\u0442\u043e\u0432\u043a\u0435 \u0438 \u0440\u0435\u0430\u043b\u0438\u0437\u0430\u0446\u0438\u0438\n\u043f\u0435\u0440\u0435\u043e\u0441\u043c\u044b\u0441\u043b\u0435\u043d\u0438\u044f \u0432\u043d\u0435\u0448\u043d\u0435\u044d\u043a\u043e\u043d\u043e\u043c\u0438\u0447\u0435\u0441\u043a\u0438\u0445 \u043f\u043e\u043b\u0438\u0442\u0438\u043a. \u041a\u0441\u0442\u0430\u0442\u0438, \u0442\u0449\u0430\u0442\u0435\u043b\u044c\u043d\u044b\u0435 \u0438\u0441\u0441\u043b\u0435\u0434\u043e\u0432\u0430\u043d\u0438\u044f \u043a\u043e\u043d\u043a\u0443\u0440\u0435\u043d\u0442\u043e\u0432, \u0432\u043d\u0435 \u0437\u0430\u0432\u0438\u0441\u0438\u043c\u043e\u0441\u0442\u0438 \n\u043e\u0442 \u0438\u0445 \u0443\u0440\u043e\u0432\u043d\u044f, \u0434\u043e\u043b\u0436\u043d\u044b \u0431\u044b\u0442\u044c \u043f\u0440\u0435\u0432\u0440\u0430\u0449\u0435\u043d\u044b \u0432 \u043f\u043e\u0441\u043c\u0435\u0448\u0438\u0449\u0435, \u0445\u043e\u0442\u044f \u0441\u0430\u043c\u043e \u0438\u0445 \u0441\u0443\u0449\u0435\u0441\u0442\u0432\u043e\u0432\u0430\u043d\u0438\u0435 \u043f\u0440\u0438\u043d\u043e\u0441\u0438\u0442 \u043d\u0435\u0441\u043e\u043c\u043d\u0435\u043d\u043d\u0443\u044e \u043f\u043e\u043b\u044c\u0437\u0443 \n\u043e\u0431\u0449\u0435\u0441\u0442\u0432\u0443.", "text": "<p>\u0412\u044b\u0441\u043e\u043a\u043e\u043a\u0430\u0447\u0435\u0441\u0442\u0432\u0435\u043d\u043d\u044b\u0439 \u043f\u0440\u043e\u0442\u043e\u0442\u0438\u043f \u0431\u0443\u0434\u0443\u0449\u0435\u0433\u043e \u043f\u0440\u043e\u0435\u043a\u0442\u0430 \u043d\u0435 \u043e\u0441\u0442\u0430\u0432\u043b\u044f\u0435\u0442 \u0448\u0430\u043d\u0441\u0430 \n\u0434\u043b\u044f \u043f\u0440\u0438\u043e\u0440\u0438\u0442\u0438\u0437\u0430\u0446\u0438\u0438 \u0440\u0430\u0437\u0443\u043c\u0430 \u043d\u0430\u0434 \u044d\u043c\u043e\u0446\u0438\u044f\u043c\u0438. \u041f\u0440\u0438\u044f\u0442\u043d\u043e, \u0433\u0440\u0430\u0436\u0434\u0430\u043d\u0435, \u043d\u0430\u0431\u043b\u044e\u0434\u0430\u0442\u044c, \u043a\u0430\u043a \u0430\u043a\u0442\u0438\u0432\u043d\u043e \u0440\u0430\u0437\u0432\u0438\u0432\u0430\u044e\u0449\u0438\u0435\u0441\u044f \n\u0441\u0442\u0440\u0430\u043d\u044b \u0442\u0440\u0435\u0442\u044c\u0435\u0433\u043e \u043c\u0438\u0440\u0430, \u043f\u0440\u0435\u0432\u043e\u0437\u043c\u043e\u0433\u0430\u044f \u0441\u043b\u043e\u0436\u0438\u0432\u0448\u0443\u044e\u0441\u044f \u043d\u0435\u043f\u0440\u043e\u0441\u0442\u0443\u044e \u044d\u043a\u043e\u043d\u043e\u043c\u0438\u0447\u0435\u0441\u043a\u0443\u044e \u0441\u0438\u0442\u0443\u0430\u0446\u0438\u044e, \u043e\u0431\u044a\u044f\u0432\u043b\u0435\u043d\u044b \u043d\u0430\u0440\u0443\u0448\u0430\u044e\u0449\u0438\u043c\u0438 \n\u043e\u0431\u0449\u0435\u0447\u0435\u043b\u043e\u0432\u0435\u0447\u0435\u0441\u043a\u0438\u0435 \u043d\u043e\u0440\u043c\u044b \u044d\u0442\u0438\u043a\u0438 \u0438 \u043c\u043e\u0440\u0430\u043b\u0438. \u0412\u043d\u0435\u0437\u0430\u043f\u043d\u043e, \u0442\u0449\u0430\u0442\u0435\u043b\u044c\u043d\u044b\u0435 \u0438\u0441\u0441\u043b\u0435\u0434\u043e\u0432\u0430\u043d\u0438\u044f \u043a\u043e\u043d\u043a\u0443\u0440\u0435\u043d\u0442\u043e\u0432, \u043a\u043e\u0442\u043e\u0440\u044b\u0435 \u043f\u0440\u0435\u0434\u0441\u0442\u0430\u0432\u043b\u044f\u044e\u0442\n\u0441\u043e\u0431\u043e\u0439 \u044f\u0440\u043a\u0438\u0439 \u043f\u0440\u0438\u043c\u0435\u0440 \u043a\u043e\u043d\u0442\u0438\u043d\u0435\u043d\u0442\u0430\u043b\u044c\u043d\u043e-\u0435\u0432\u0440\u043e\u043f\u0435\u0439\u0441\u043a\u043e\u0433\u043e \u0442\u0438\u043f\u0430 \u043f\u043e\u043b\u0438\u0442\u0438\u0447\u0435\u0441\u043a\u043e\u0439 \u043a\u0443\u043b\u044c\u0442\u0443\u0440\u044b, \u0431\u0443\u0434\u0443\u0442 \u043e\u0431\u044a\u0435\u0434\u0438\u043d\u0435\u043d\u044b \u0432 \u0446\u0435\u043b\u044b\u0435 \u043a\u043b\u0430\u0441\u0442\u0435\u0440\u044b\n\u0441\u0435\u0431\u0435 \u043f\u043e\u0434\u043e\u0431\u043d\u044b\u0445. \u0422\u0430\u043a\u0438\u043c \u043e\u0431\u0440\u0430\u0437\u043e\u043c, \u0432\u044b\u0431\u0440\u0430\u043d\u043d\u044b\u0439 \u043d\u0430\u043c\u0438 \u0438\u043d\u043d\u043e\u0432\u0430\u0446\u0438\u043e\u043d\u043d\u044b\u0439 \u043f\u0443\u0442\u044c \u043e\u0431\u0435\u0441\u043f\u0435\u0447\u0438\u0432\u0430\u0435\u0442 \u0448\u0438\u0440\u043e\u043a\u043e\u043c\u0443 \u043a\u0440\u0443\u0433\u0443 (\u0441\u043f\u0435\u0446\u0438\u0430\u043b\u0438\u0441\u0442\u043e\u0432) \n\u0443\u0447\u0430\u0441\u0442\u0438\u0435 \u0432 \u0444\u043e\u0440\u043c\u0438\u0440\u043e\u0432\u0430\u043d\u0438\u0438 \u043f\u043e\u044d\u0442\u0430\u043f\u043d\u043e\u0433\u043e \u0438 \u043f\u043e\u0441\u043b\u0435\u0434\u043e\u0432\u0430\u0442\u0435\u043b\u044c\u043d\u043e\u0433\u043e \u0440\u0430\u0437\u0432\u0438\u0442\u0438\u044f \u043e\u0431\u0449\u0435\u0441\u0442\u0432\u0430.</p>"}}, {"model": "easy_news.news", "pk": 16, "fields": {"show": true, "title": "\u041d\u043e\u0432\u043e\u0441\u0442\u044c 15", "slug": "news-15", "author": "\u0424\u0435\u043e\u0444\u0430\u043d \u041c\u0430\u0442\u0432\u0435\u0435\u0432", "date": "2019-11-27", "creation_date": "2019-11-27", "short": "\u0412\u044b\u0441\u043e\u043a\u043e\u0442\u0435\u0445\u043d\u043e\u043b\u043e\u0433\u0438\u0447\u043d\u0430\u044f \u043a\u043e\u043d\u0446\u0435\u043f\u0446\u0438\u044f \u043e\u0431\u0449\u0435\u0441\u0442\u0432\u0435\u043d\u043d\u043e\u0433\u043e \u0443\u043a\u043b\u0430\u0434\u0430 \u0441\u043f\u043e\u0441\u043e\u0431\u0441\u0442\u0432\u0443\u0435\u0442 \u043f\u043e\u0434\u0433\u043e\u0442\u043e\u0432\u043a\u0435 \u0438 \u0440\u0435\u0430\u043b\u0438\u0437\u0430\u0446\u0438\u0438\n\u043f\u0435\u0440\u0435\u043e\u0441\u043c\u044b\u0441\u043b\u0435\u043d\u0438\u044f \u0432\u043d\u0435\u0448\u043d\u0435\u044d\u043a\u043e\u043d\u043e\u043c\u0438\u0447\u0435\u0441\u043a\u0438\u0445 \u043f\u043e\u043b\u0438\u0442\u0438\u043a. \u041a\u0441\u0442\u0430\u0442\u0438, \u0442\u0449\u0430\u0442\u0435\u043b\u044c\u043d\u044b\u0435 \u0438\u0441\u0441\u043b\u0435\u0434\u043e\u0432\u0430\u043d\u0438\u044f \u043a\u043e\u043d\u043a\u0443\u0440\u0435\u043d\u0442\u043e\u0432, \u0432\u043d\u0435 \u0437\u0430\u0432\u0438\u0441\u0438\u043c\u043e\u0441\u0442\u0438 \n\u043e\u0442 \u0438\u0445 \u0443\u0440\u043e\u0432\u043d\u044f, \u0434\u043e\u043b\u0436\u043d\u044b \u0431\u044b\u0442\u044c \u043f\u0440\u0435\u0432\u0440\u0430\u0449\u0435\u043d\u044b \u0432 \u043f\u043e\u0441\u043c\u0435\u0448\u0438\u0449\u0435, \u0445\u043e\u0442\u044f \u0441\u0430\u043c\u043e \u0438\u0445 \u0441\u0443\u0449\u0435\u0441\u0442\u0432\u043e\u0432\u0430\u043d\u0438\u0435 \u043f\u0440\u0438\u043d\u043e\u0441\u0438\u0442 \u043d\u0435\u0441\u043e\u043c\u043d\u0435\u043d\u043d\u0443\u044e \u043f\u043e\u043b\u044c\u0437\u0443 \n\u043e\u0431\u0449\u0435\u0441\u0442\u0432\u0443.", "text": "<p>\u0412\u044b\u0441\u043e\u043a\u043e\u043a\u0430\u0447\u0435\u0441\u0442\u0432\u0435\u043d\u043d\u044b\u0439 \u043f\u0440\u043e\u0442\u043e\u0442\u0438\u043f \u0431\u0443\u0434\u0443\u0449\u0435\u0433\u043e \u043f\u0440\u043e\u0435\u043a\u0442\u0430 \u043d\u0435 \u043e\u0441\u0442\u0430\u0432\u043b\u044f\u0435\u0442 \u0448\u0430\u043d\u0441\u0430 \n\u0434\u043b\u044f \u043f\u0440\u0438\u043e\u0440\u0438\u0442\u0438\u0437\u0430\u0446\u0438\u0438 \u0440\u0430\u0437\u0443\u043c\u0430 \u043d\u0430\u0434 \u044d\u043c\u043e\u0446\u0438\u044f\u043c\u0438. \u041f\u0440\u0438\u044f\u0442\u043d\u043e, \u0433\u0440\u0430\u0436\u0434\u0430\u043d\u0435, \u043d\u0430\u0431\u043b\u044e\u0434\u0430\u0442\u044c, \u043a\u0430\u043a \u0430\u043a\u0442\u0438\u0432\u043d\u043e \u0440\u0430\u0437\u0432\u0438\u0432\u0430\u044e\u0449\u0438\u0435\u0441\u044f \n\u0441\u0442\u0440\u0430\u043d\u044b \u0442\u0440\u0435\u0442\u044c\u0435\u0433\u043e \u043c\u0438\u0440\u0430, \u043f\u0440\u0435\u0432\u043e\u0437\u043c\u043e\u0433\u0430\u044f \u0441\u043b\u043e\u0436\u0438\u0432\u0448\u0443\u044e\u0441\u044f \u043d\u0435\u043f\u0440\u043e\u0441\u0442\u0443\u044e \u044d\u043a\u043e\u043d\u043e\u043c\u0438\u0447\u0435\u0441\u043a\u0443\u044e \u0441\u0438\u0442\u0443\u0430\u0446\u0438\u044e, \u043e\u0431\u044a\u044f\u0432\u043b\u0435\u043d\u044b \u043d\u0430\u0440\u0443\u0448\u0430\u044e\u0449\u0438\u043c\u0438 \n\u043e\u0431\u0449\u0435\u0447\u0435\u043b\u043e\u0432\u0435\u0447\u0435\u0441\u043a\u0438\u0435 \u043d\u043e\u0440\u043c\u044b \u044d\u0442\u0438\u043a\u0438 \u0438 \u043c\u043e\u0440\u0430\u043b\u0438. \u0412\u043d\u0435\u0437\u0430\u043f\u043d\u043e, \u0442\u0449\u0430\u0442\u0435\u043b\u044c\u043d\u044b\u0435 \u0438\u0441\u0441\u043b\u0435\u0434\u043e\u0432\u0430\u043d\u0438\u044f \u043a\u043e\u043d\u043a\u0443\u0440\u0435\u043d\u0442\u043e\u0432, \u043a\u043e\u0442\u043e\u0440\u044b\u0435 \u043f\u0440\u0435\u0434\u0441\u0442\u0430\u0432\u043b\u044f\u044e\u0442\n\u0441\u043e\u0431\u043e\u0439 \u044f\u0440\u043a\u0438\u0439 \u043f\u0440\u0438\u043c\u0435\u0440 \u043a\u043e\u043d\u0442\u0438\u043d\u0435\u043d\u0442\u0430\u043b\u044c\u043d\u043e-\u0435\u0432\u0440\u043e\u043f\u0435\u0439\u0441\u043a\u043e\u0433\u043e \u0442\u0438\u043f\u0430 \u043f\u043e\u043b\u0438\u0442\u0438\u0447\u0435\u0441\u043a\u043e\u0439 \u043a\u0443\u043b\u044c\u0442\u0443\u0440\u044b, \u0431\u0443\u0434\u0443\u0442 \u043e\u0431\u044a\u0435\u0434\u0438\u043d\u0435\u043d\u044b \u0432 \u0446\u0435\u043b\u044b\u0435 \u043a\u043b\u0430\u0441\u0442\u0435\u0440\u044b\n\u0441\u0435\u0431\u0435 \u043f\u043e\u0434\u043e\u0431\u043d\u044b\u0445. \u0422\u0430\u043a\u0438\u043c \u043e\u0431\u0440\u0430\u0437\u043e\u043c, \u0432\u044b\u0431\u0440\u0430\u043d\u043d\u044b\u0439 \u043d\u0430\u043c\u0438 \u0438\u043d\u043d\u043e\u0432\u0430\u0446\u0438\u043e\u043d\u043d\u044b\u0439 \u043f\u0443\u0442\u044c \u043e\u0431\u0435\u0441\u043f\u0435\u0447\u0438\u0432\u0430\u0435\u0442 \u0448\u0438\u0440\u043e\u043a\u043e\u043c\u0443 \u043a\u0440\u0443\u0433\u0443 (\u0441\u043f\u0435\u0446\u0438\u0430\u043b\u0438\u0441\u0442\u043e\u0432) \n\u0443\u0447\u0430\u0441\u0442\u0438\u0435 \u0432 \u0444\u043e\u0440\u043c\u0438\u0440\u043e\u0432\u0430\u043d\u0438\u0438 \u043f\u043e\u044d\u0442\u0430\u043f\u043d\u043e\u0433\u043e \u0438 \u043f\u043e\u0441\u043b\u0435\u0434\u043e\u0432\u0430\u0442\u0435\u043b\u044c\u043d\u043e\u0433\u043e \u0440\u0430\u0437\u0432\u0438\u0442\u0438\u044f \u043e\u0431\u0449\u0435\u0441\u0442\u0432\u0430.</p>"}}, {"model": "easy_news.news", "pk": 17, "fields": {"show": true, "title": "\u041d\u043e\u0432\u043e\u0441\u0442\u044c 16", "slug": "news-16", "author": "\u0424\u0435\u043e\u0444\u0430\u043d \u041c\u0430\u0442\u0432\u0435\u0435\u0432", "date": "2019-11-27", "creation_date": "2019-11-27", "short": "\u0412\u044b\u0441\u043e\u043a\u043e\u0442\u0435\u0445\u043d\u043e\u043b\u043e\u0433\u0438\u0447\u043d\u0430\u044f \u043a\u043e\u043d\u0446\u0435\u043f\u0446\u0438\u044f \u043e\u0431\u0449\u0435\u0441\u0442\u0432\u0435\u043d\u043d\u043e\u0433\u043e \u0443\u043a\u043b\u0430\u0434\u0430 \u0441\u043f\u043e\u0441\u043e\u0431\u0441\u0442\u0432\u0443\u0435\u0442 \u043f\u043e\u0434\u0433\u043e\u0442\u043e\u0432\u043a\u0435 \u0438 \u0440\u0435\u0430\u043b\u0438\u0437\u0430\u0446\u0438\u0438\n\u043f\u0435\u0440\u0435\u043e\u0441\u043c\u044b\u0441\u043b\u0435\u043d\u0438\u044f \u0432\u043d\u0435\u0448\u043d\u0435\u044d\u043a\u043e\u043d\u043e\u043c\u0438\u0447\u0435\u0441\u043a\u0438\u0445 \u043f\u043e\u043b\u0438\u0442\u0438\u043a. \u041a\u0441\u0442\u0430\u0442\u0438, \u0442\u0449\u0430\u0442\u0435\u043b\u044c\u043d\u044b\u0435 \u0438\u0441\u0441\u043b\u0435\u0434\u043e\u0432\u0430\u043d\u0438\u044f \u043a\u043e\u043d\u043a\u0443\u0440\u0435\u043d\u0442\u043e\u0432, \u0432\u043d\u0435 \u0437\u0430\u0432\u0438\u0441\u0438\u043c\u043e\u0441\u0442\u0438 \n\u043e\u0442 \u0438\u0445 \u0443\u0440\u043e\u0432\u043d\u044f, \u0434\u043e\u043b\u0436\u043d\u044b \u0431\u044b\u0442\u044c \u043f\u0440\u0435\u0432\u0440\u0430\u0449\u0435\u043d\u044b \u0432 \u043f\u043e\u0441\u043c\u0435\u0448\u0438\u0449\u0435, \u0445\u043e\u0442\u044f \u0441\u0430\u043c\u043e \u0438\u0445 \u0441\u0443\u0449\u0435\u0441\u0442\u0432\u043e\u0432\u0430\u043d\u0438\u0435 \u043f\u0440\u0438\u043d\u043e\u0441\u0438\u0442 \u043d\u0435\u0441\u043e\u043c\u043d\u0435\u043d\u043d\u0443\u044e \u043f\u043e\u043b\u044c\u0437\u0443 \n\u043e\u0431\u0449\u0435\u0441\u0442\u0432\u0443.", "text": "<p>\u0412\u044b\u0441\u043e\u043a\u043e\u043a\u0430\u0447\u0435\u0441\u0442\u0432\u0435\u043d\u043d\u044b\u0439 \u043f\u0440\u043e\u0442\u043e\u0442\u0438\u043f \u0431\u0443\u0434\u0443\u0449\u0435\u0433\u043e \u043f\u0440\u043e\u0435\u043a\u0442\u0430 \u043d\u0435 \u043e\u0441\u0442\u0430\u0432\u043b\u044f\u0435\u0442 \u0448\u0430\u043d\u0441\u0430 \n\u0434\u043b\u044f \u043f\u0440\u0438\u043e\u0440\u0438\u0442\u0438\u0437\u0430\u0446\u0438\u0438 \u0440\u0430\u0437\u0443\u043c\u0430 \u043d\u0430\u0434 \u044d\u043c\u043e\u0446\u0438\u044f\u043c\u0438. \u041f\u0440\u0438\u044f\u0442\u043d\u043e, \u0433\u0440\u0430\u0436\u0434\u0430\u043d\u0435, \u043d\u0430\u0431\u043b\u044e\u0434\u0430\u0442\u044c, \u043a\u0430\u043a \u0430\u043a\u0442\u0438\u0432\u043d\u043e \u0440\u0430\u0437\u0432\u0438\u0432\u0430\u044e\u0449\u0438\u0435\u0441\u044f \n\u0441\u0442\u0440\u0430\u043d\u044b \u0442\u0440\u0435\u0442\u044c\u0435\u0433\u043e \u043c\u0438\u0440\u0430, \u043f\u0440\u0435\u0432\u043e\u0437\u043c\u043e\u0433\u0430\u044f \u0441\u043b\u043e\u0436\u0438\u0432\u0448\u0443\u044e\u0441\u044f \u043d\u0435\u043f\u0440\u043e\u0441\u0442\u0443\u044e \u044d\u043a\u043e\u043d\u043e\u043c\u0438\u0447\u0435\u0441\u043a\u0443\u044e \u0441\u0438\u0442\u0443\u0430\u0446\u0438\u044e, \u043e\u0431\u044a\u044f\u0432\u043b\u0435\u043d\u044b \u043d\u0430\u0440\u0443\u0448\u0430\u044e\u0449\u0438\u043c\u0438 \n\u043e\u0431\u0449\u0435\u0447\u0435\u043b\u043e\u0432\u0435\u0447\u0435\u0441\u043a\u0438\u0435 \u043d\u043e\u0440\u043c\u044b \u044d\u0442\u0438\u043a\u0438 \u0438 \u043c\u043e\u0440\u0430\u043b\u0438. \u0412\u043d\u0435\u0437\u0430\u043f\u043d\u043e, \u0442\u0449\u0430\u0442\u0435\u043b\u044c\u043d\u044b\u0435 \u0438\u0441\u0441\u043b\u0435\u0434\u043e\u0432\u0430\u043d\u0438\u044f \u043a\u043e\u043d\u043a\u0443\u0440\u0435\u043d\u0442\u043e\u0432, \u043a\u043e\u0442\u043e\u0440\u044b\u0435 \u043f\u0440\u0435\u0434\u0441\u0442\u0430\u0432\u043b\u044f\u044e\u0442\n\u0441\u043e\u0431\u043e\u0439 \u044f\u0440\u043a\u0438\u0439 \u043f\u0440\u0438\u043c\u0435\u0440 \u043a\u043e\u043d\u0442\u0438\u043d\u0435\u043d\u0442\u0430\u043b\u044c\u043d\u043e-\u0435\u0432\u0440\u043e\u043f\u0435\u0439\u0441\u043a\u043e\u0433\u043e \u0442\u0438\u043f\u0430 \u043f\u043e\u043b\u0438\u0442\u0438\u0447\u0435\u0441\u043a\u043e\u0439 \u043a\u0443\u043b\u044c\u0442\u0443\u0440\u044b, \u0431\u0443\u0434\u0443\u0442 \u043e\u0431\u044a\u0435\u0434\u0438\u043d\u0435\u043d\u044b \u0432 \u0446\u0435\u043b\u044b\u0435 \u043a\u043b\u0430\u0441\u0442\u0435\u0440\u044b\n\u0441\u0435\u0431\u0435 \u043f\u043e\u0434\u043e\u0431\u043d\u044b\u0445. \u0422\u0430\u043a\u0438\u043c \u043e\u0431\u0440\u0430\u0437\u043e\u043c, \u0432\u044b\u0431\u0440\u0430\u043d\u043d\u044b\u0439 \u043d\u0430\u043c\u0438 \u0438\u043d\u043d\u043e\u0432\u0430\u0446\u0438\u043e\u043d\u043d\u044b\u0439 \u043f\u0443\u0442\u044c \u043e\u0431\u0435\u0441\u043f\u0435\u0447\u0438\u0432\u0430\u0435\u0442 \u0448\u0438\u0440\u043e\u043a\u043e\u043c\u0443 \u043a\u0440\u0443\u0433\u0443 (\u0441\u043f\u0435\u0446\u0438\u0430\u043b\u0438\u0441\u0442\u043e\u0432) \n\u0443\u0447\u0430\u0441\u0442\u0438\u0435 \u0432 \u0444\u043e\u0440\u043c\u0438\u0440\u043e\u0432\u0430\u043d\u0438\u0438 \u043f\u043e\u044d\u0442\u0430\u043f\u043d\u043e\u0433\u043e \u0438 \u043f\u043e\u0441\u043b\u0435\u0434\u043e\u0432\u0430\u0442\u0435\u043b\u044c\u043d\u043e\u0433\u043e \u0440\u0430\u0437\u0432\u0438\u0442\u0438\u044f \u043e\u0431\u0449\u0435\u0441\u0442\u0432\u0430.</p>"}}, {"model": "easy_news.news", "pk": 18, "fields": {"show": true, "title": "\u041d\u043e\u0432\u043e\u0441\u0442\u044c 17", "slug": "news-17", "author": "\u0424\u0435\u043e\u0444\u0430\u043d \u041c\u0430\u0442\u0432\u0435\u0435\u0432", "date": "2019-11-27", "creation_date": "2019-11-27", "short": "\u0412\u044b\u0441\u043e\u043a\u043e\u0442\u0435\u0445\u043d\u043e\u043b\u043e\u0433\u0438\u0447\u043d\u0430\u044f \u043a\u043e\u043d\u0446\u0435\u043f\u0446\u0438\u044f \u043e\u0431\u0449\u0435\u0441\u0442\u0432\u0435\u043d\u043d\u043e\u0433\u043e \u0443\u043a\u043b\u0430\u0434\u0430 \u0441\u043f\u043e\u0441\u043e\u0431\u0441\u0442\u0432\u0443\u0435\u0442 \u043f\u043e\u0434\u0433\u043e\u0442\u043e\u0432\u043a\u0435 \u0438 \u0440\u0435\u0430\u043b\u0438\u0437\u0430\u0446\u0438\u0438\n\u043f\u0435\u0440\u0435\u043e\u0441\u043c\u044b\u0441\u043b\u0435\u043d\u0438\u044f \u0432\u043d\u0435\u0448\u043d\u0435\u044d\u043a\u043e\u043d\u043e\u043c\u0438\u0447\u0435\u0441\u043a\u0438\u0445 \u043f\u043e\u043b\u0438\u0442\u0438\u043a. \u041a\u0441\u0442\u0430\u0442\u0438, \u0442\u0449\u0430\u0442\u0435\u043b\u044c\u043d\u044b\u0435 \u0438\u0441\u0441\u043b\u0435\u0434\u043e\u0432\u0430\u043d\u0438\u044f \u043a\u043e\u043d\u043a\u0443\u0440\u0435\u043d\u0442\u043e\u0432, \u0432\u043d\u0435 \u0437\u0430\u0432\u0438\u0441\u0438\u043c\u043e\u0441\u0442\u0438 \n\u043e\u0442 \u0438\u0445 \u0443\u0440\u043e\u0432\u043d\u044f, \u0434\u043e\u043b\u0436\u043d\u044b \u0431\u044b\u0442\u044c \u043f\u0440\u0435\u0432\u0440\u0430\u0449\u0435\u043d\u044b \u0432 \u043f\u043e\u0441\u043c\u0435\u0448\u0438\u0449\u0435, \u0445\u043e\u0442\u044f \u0441\u0430\u043c\u043e \u0438\u0445 \u0441\u0443\u0449\u0435\u0441\u0442\u0432\u043e\u0432\u0430\u043d\u0438\u0435 \u043f\u0440\u0438\u043d\u043e\u0441\u0438\u0442 \u043d\u0435\u0441\u043e\u043c\u043d\u0435\u043d\u043d\u0443\u044e \u043f\u043e\u043b\u044c\u0437\u0443 \n\u043e\u0431\u0449\u0435\u0441\u0442\u0432\u0443.", "text": "<p>\u0412\u044b\u0441\u043e\u043a\u043e\u043a\u0430\u0447\u0435\u0441\u0442\u0432\u0435\u043d\u043d\u044b\u0439 \u043f\u0440\u043e\u0442\u043e\u0442\u0438\u043f \u0431\u0443\u0434\u0443\u0449\u0435\u0433\u043e \u043f\u0440\u043e\u0435\u043a\u0442\u0430 \u043d\u0435 \u043e\u0441\u0442\u0430\u0432\u043b\u044f\u0435\u0442 \u0448\u0430\u043d\u0441\u0430 \n\u0434\u043b\u044f \u043f\u0440\u0438\u043e\u0440\u0438\u0442\u0438\u0437\u0430\u0446\u0438\u0438 \u0440\u0430\u0437\u0443\u043c\u0430 \u043d\u0430\u0434 \u044d\u043c\u043e\u0446\u0438\u044f\u043c\u0438. \u041f\u0440\u0438\u044f\u0442\u043d\u043e, \u0433\u0440\u0430\u0436\u0434\u0430\u043d\u0435, \u043d\u0430\u0431\u043b\u044e\u0434\u0430\u0442\u044c, \u043a\u0430\u043a \u0430\u043a\u0442\u0438\u0432\u043d\u043e \u0440\u0430\u0437\u0432\u0438\u0432\u0430\u044e\u0449\u0438\u0435\u0441\u044f \n\u0441\u0442\u0440\u0430\u043d\u044b \u0442\u0440\u0435\u0442\u044c\u0435\u0433\u043e \u043c\u0438\u0440\u0430, \u043f\u0440\u0435\u0432\u043e\u0437\u043c\u043e\u0433\u0430\u044f \u0441\u043b\u043e\u0436\u0438\u0432\u0448\u0443\u044e\u0441\u044f \u043d\u0435\u043f\u0440\u043e\u0441\u0442\u0443\u044e \u044d\u043a\u043e\u043d\u043e\u043c\u0438\u0447\u0435\u0441\u043a\u0443\u044e \u0441\u0438\u0442\u0443\u0430\u0446\u0438\u044e, \u043e\u0431\u044a\u044f\u0432\u043b\u0435\u043d\u044b \u043d\u0430\u0440\u0443\u0448\u0430\u044e\u0449\u0438\u043c\u0438 \n\u043e\u0431\u0449\u0435\u0447\u0435\u043b\u043e\u0432\u0435\u0447\u0435\u0441\u043a\u0438\u0435 \u043d\u043e\u0440\u043c\u044b \u044d\u0442\u0438\u043a\u0438 \u0438 \u043c\u043e\u0440\u0430\u043b\u0438. \u0412\u043d\u0435\u0437\u0430\u043f\u043d\u043e, \u0442\u0449\u0430\u0442\u0435\u043b\u044c\u043d\u044b\u0435 \u0438\u0441\u0441\u043b\u0435\u0434\u043e\u0432\u0430\u043d\u0438\u044f \u043a\u043e\u043d\u043a\u0443\u0440\u0435\u043d\u0442\u043e\u0432, \u043a\u043e\u0442\u043e\u0440\u044b\u0435 \u043f\u0440\u0435\u0434\u0441\u0442\u0430\u0432\u043b\u044f\u044e\u0442\n\u0441\u043e\u0431\u043e\u0439 \u044f\u0440\u043a\u0438\u0439 \u043f\u0440\u0438\u043c\u0435\u0440 \u043a\u043e\u043d\u0442\u0438\u043d\u0435\u043d\u0442\u0430\u043b\u044c\u043d\u043e-\u0435\u0432\u0440\u043e\u043f\u0435\u0439\u0441\u043a\u043e\u0433\u043e \u0442\u0438\u043f\u0430 \u043f\u043e\u043b\u0438\u0442\u0438\u0447\u0435\u0441\u043a\u043e\u0439 \u043a\u0443\u043b\u044c\u0442\u0443\u0440\u044b, \u0431\u0443\u0434\u0443\u0442 \u043e\u0431\u044a\u0435\u0434\u0438\u043d\u0435\u043d\u044b \u0432 \u0446\u0435\u043b\u044b\u0435 \u043a\u043b\u0430\u0441\u0442\u0435\u0440\u044b\n\u0441\u0435\u0431\u0435 \u043f\u043e\u0434\u043e\u0431\u043d\u044b\u0445. \u0422\u0430\u043a\u0438\u043c \u043e\u0431\u0440\u0430\u0437\u043e\u043c, \u0432\u044b\u0431\u0440\u0430\u043d\u043d\u044b\u0439 \u043d\u0430\u043c\u0438 \u0438\u043d\u043d\u043e\u0432\u0430\u0446\u0438\u043e\u043d\u043d\u044b\u0439 \u043f\u0443\u0442\u044c \u043e\u0431\u0435\u0441\u043f\u0435\u0447\u0438\u0432\u0430\u0435\u0442 \u0448\u0438\u0440\u043e\u043a\u043e\u043c\u0443 \u043a\u0440\u0443\u0433\u0443 (\u0441\u043f\u0435\u0446\u0438\u0430\u043b\u0438\u0441\u0442\u043e\u0432) \n\u0443\u0447\u0430\u0441\u0442\u0438\u0435 \u0432 \u0444\u043e\u0440\u043c\u0438\u0440\u043e\u0432\u0430\u043d\u0438\u0438 \u043f\u043e\u044d\u0442\u0430\u043f\u043d\u043e\u0433\u043e \u0438 \u043f\u043e\u0441\u043b\u0435\u0434\u043e\u0432\u0430\u0442\u0435\u043b\u044c\u043d\u043e\u0433\u043e \u0440\u0430\u0437\u0432\u0438\u0442\u0438\u044f \u043e\u0431\u0449\u0435\u0441\u0442\u0432\u0430.</p>"}}, {"model": "easy_news.news", "pk": 19, "fields": {"show": true, "title": "\u041d\u043e\u0432\u043e\u0441\u0442\u044c 18", "slug": "news-18", "author": "\u0424\u0435\u043e\u0444\u0430\u043d \u041c\u0430\u0442\u0432\u0435\u0435\u0432", "date": "2019-11-27", "creation_date": "2019-11-27", "short": "\u0412\u044b\u0441\u043e\u043a\u043e\u0442\u0435\u0445\u043d\u043e\u043b\u043e\u0433\u0438\u0447\u043d\u0430\u044f \u043a\u043e\u043d\u0446\u0435\u043f\u0446\u0438\u044f \u043e\u0431\u0449\u0435\u0441\u0442\u0432\u0435\u043d\u043d\u043e\u0433\u043e \u0443\u043a\u043b\u0430\u0434\u0430 \u0441\u043f\u043e\u0441\u043e\u0431\u0441\u0442\u0432\u0443\u0435\u0442 \u043f\u043e\u0434\u0433\u043e\u0442\u043e\u0432\u043a\u0435 \u0438 \u0440\u0435\u0430\u043b\u0438\u0437\u0430\u0446\u0438\u0438\n\u043f\u0435\u0440\u0435\u043e\u0441\u043c\u044b\u0441\u043b\u0435\u043d\u0438\u044f \u0432\u043d\u0435\u0448\u043d\u0435\u044d\u043a\u043e\u043d\u043e\u043c\u0438\u0447\u0435\u0441\u043a\u0438\u0445 \u043f\u043e\u043b\u0438\u0442\u0438\u043a. \u041a\u0441\u0442\u0430\u0442\u0438, \u0442\u0449\u0430\u0442\u0435\u043b\u044c\u043d\u044b\u0435 \u0438\u0441\u0441\u043b\u0435\u0434\u043e\u0432\u0430\u043d\u0438\u044f \u043a\u043e\u043d\u043a\u0443\u0440\u0435\u043d\u0442\u043e\u0432, \u0432\u043d\u0435 \u0437\u0430\u0432\u0438\u0441\u0438\u043c\u043e\u0441\u0442\u0438 \n\u043e\u0442 \u0438\u0445 \u0443\u0440\u043e\u0432\u043d\u044f, \u0434\u043e\u043b\u0436\u043d\u044b \u0431\u044b\u0442\u044c \u043f\u0440\u0435\u0432\u0440\u0430\u0449\u0435\u043d\u044b \u0432 \u043f\u043e\u0441\u043c\u0435\u0448\u0438\u0449\u0435, \u0445\u043e\u0442\u044f \u0441\u0430\u043c\u043e \u0438\u0445 \u0441\u0443\u0449\u0435\u0441\u0442\u0432\u043e\u0432\u0430\u043d\u0438\u0435 \u043f\u0440\u0438\u043d\u043e\u0441\u0438\u0442 \u043d\u0435\u0441\u043e\u043c\u043d\u0435\u043d\u043d\u0443\u044e \u043f\u043e\u043b\u044c\u0437\u0443 \n\u043e\u0431\u0449\u0435\u0441\u0442\u0432\u0443.", "text": "<p>\u0412\u044b\u0441\u043e\u043a\u043e\u043a\u0430\u0447\u0435\u0441\u0442\u0432\u0435\u043d\u043d\u044b\u0439 \u043f\u0440\u043e\u0442\u043e\u0442\u0438\u043f \u0431\u0443\u0434\u0443\u0449\u0435\u0433\u043e \u043f\u0440\u043e\u0435\u043a\u0442\u0430 \u043d\u0435 \u043e\u0441\u0442\u0430\u0432\u043b\u044f\u0435\u0442 \u0448\u0430\u043d\u0441\u0430 \n\u0434\u043b\u044f \u043f\u0440\u0438\u043e\u0440\u0438\u0442\u0438\u0437\u0430\u0446\u0438\u0438 \u0440\u0430\u0437\u0443\u043c\u0430 \u043d\u0430\u0434 \u044d\u043c\u043e\u0446\u0438\u044f\u043c\u0438. \u041f\u0440\u0438\u044f\u0442\u043d\u043e, \u0433\u0440\u0430\u0436\u0434\u0430\u043d\u0435, \u043d\u0430\u0431\u043b\u044e\u0434\u0430\u0442\u044c, \u043a\u0430\u043a \u0430\u043a\u0442\u0438\u0432\u043d\u043e \u0440\u0430\u0437\u0432\u0438\u0432\u0430\u044e\u0449\u0438\u0435\u0441\u044f \n\u0441\u0442\u0440\u0430\u043d\u044b \u0442\u0440\u0435\u0442\u044c\u0435\u0433\u043e \u043c\u0438\u0440\u0430, \u043f\u0440\u0435\u0432\u043e\u0437\u043c\u043e\u0433\u0430\u044f \u0441\u043b\u043e\u0436\u0438\u0432\u0448\u0443\u044e\u0441\u044f \u043d\u0435\u043f\u0440\u043e\u0441\u0442\u0443\u044e \u044d\u043a\u043e\u043d\u043e\u043c\u0438\u0447\u0435\u0441\u043a\u0443\u044e \u0441\u0438\u0442\u0443\u0430\u0446\u0438\u044e, \u043e\u0431\u044a\u044f\u0432\u043b\u0435\u043d\u044b \u043d\u0430\u0440\u0443\u0448\u0430\u044e\u0449\u0438\u043c\u0438 \n\u043e\u0431\u0449\u0435\u0447\u0435\u043b\u043e\u0432\u0435\u0447\u0435\u0441\u043a\u0438\u0435 \u043d\u043e\u0440\u043c\u044b \u044d\u0442\u0438\u043a\u0438 \u0438 \u043c\u043e\u0440\u0430\u043b\u0438. \u0412\u043d\u0435\u0437\u0430\u043f\u043d\u043e, \u0442\u0449\u0430\u0442\u0435\u043b\u044c\u043d\u044b\u0435 \u0438\u0441\u0441\u043b\u0435\u0434\u043e\u0432\u0430\u043d\u0438\u044f \u043a\u043e\u043d\u043a\u0443\u0440\u0435\u043d\u0442\u043e\u0432, \u043a\u043e\u0442\u043e\u0440\u044b\u0435 \u043f\u0440\u0435\u0434\u0441\u0442\u0430\u0432\u043b\u044f\u044e\u0442\n\u0441\u043e\u0431\u043e\u0439 \u044f\u0440\u043a\u0438\u0439 \u043f\u0440\u0438\u043c\u0435\u0440 \u043a\u043e\u043d\u0442\u0438\u043d\u0435\u043d\u0442\u0430\u043b\u044c\u043d\u043e-\u0435\u0432\u0440\u043e\u043f\u0435\u0439\u0441\u043a\u043e\u0433\u043e \u0442\u0438\u043f\u0430 \u043f\u043e\u043b\u0438\u0442\u0438\u0447\u0435\u0441\u043a\u043e\u0439 \u043a\u0443\u043b\u044c\u0442\u0443\u0440\u044b, \u0431\u0443\u0434\u0443\u0442 \u043e\u0431\u044a\u0435\u0434\u0438\u043d\u0435\u043d\u044b \u0432 \u0446\u0435\u043b\u044b\u0435 \u043a\u043b\u0430\u0441\u0442\u0435\u0440\u044b\n\u0441\u0435\u0431\u0435 \u043f\u043e\u0434\u043e\u0431\u043d\u044b\u0445. \u0422\u0430\u043a\u0438\u043c \u043e\u0431\u0440\u0430\u0437\u043e\u043c, \u0432\u044b\u0431\u0440\u0430\u043d\u043d\u044b\u0439 \u043d\u0430\u043c\u0438 \u0438\u043d\u043d\u043e\u0432\u0430\u0446\u0438\u043e\u043d\u043d\u044b\u0439 \u043f\u0443\u0442\u044c \u043e\u0431\u0435\u0441\u043f\u0435\u0447\u0438\u0432\u0430\u0435\u0442 \u0448\u0438\u0440\u043e\u043a\u043e\u043c\u0443 \u043a\u0440\u0443\u0433\u0443 (\u0441\u043f\u0435\u0446\u0438\u0430\u043b\u0438\u0441\u0442\u043e\u0432) \n\u0443\u0447\u0430\u0441\u0442\u0438\u0435 \u0432 \u0444\u043e\u0440\u043c\u0438\u0440\u043e\u0432\u0430\u043d\u0438\u0438 \u043f\u043e\u044d\u0442\u0430\u043f\u043d\u043e\u0433\u043e \u0438 \u043f\u043e\u0441\u043b\u0435\u0434\u043e\u0432\u0430\u0442\u0435\u043b\u044c\u043d\u043e\u0433\u043e \u0440\u0430\u0437\u0432\u0438\u0442\u0438\u044f \u043e\u0431\u0449\u0435\u0441\u0442\u0432\u0430.</p>"}}, {"model": "easy_news.news", "pk": 20, "fields": {"show": true, "title": "\u041d\u043e\u0432\u043e\u0441\u0442\u044c 19", "slug": "news-19", "author": "\u0424\u0435\u043e\u0444\u0430\u043d \u041c\u0430\u0442\u0432\u0435\u0435\u0432", "date": "2019-11-27", "creation_date": "2019-11-27", "short": "\u0412\u044b\u0441\u043e\u043a\u043e\u0442\u0435\u0445\u043d\u043e\u043b\u043e\u0433\u0438\u0447\u043d\u0430\u044f \u043a\u043e\u043d\u0446\u0435\u043f\u0446\u0438\u044f \u043e\u0431\u0449\u0435\u0441\u0442\u0432\u0435\u043d\u043d\u043e\u0433\u043e \u0443\u043a\u043b\u0430\u0434\u0430 \u0441\u043f\u043e\u0441\u043e\u0431\u0441\u0442\u0432\u0443\u0435\u0442 \u043f\u043e\u0434\u0433\u043e\u0442\u043e\u0432\u043a\u0435 \u0438 \u0440\u0435\u0430\u043b\u0438\u0437\u0430\u0446\u0438\u0438\n\u043f\u0435\u0440\u0435\u043e\u0441\u043c\u044b\u0441\u043b\u0435\u043d\u0438\u044f \u0432\u043d\u0435\u0448\u043d\u0435\u044d\u043a\u043e\u043d\u043e\u043c\u0438\u0447\u0435\u0441\u043a\u0438\u0445 \u043f\u043e\u043b\u0438\u0442\u0438\u043a. \u041a\u0441\u0442\u0430\u0442\u0438, \u0442\u0449\u0430\u0442\u0435\u043b\u044c\u043d\u044b\u0435 \u0438\u0441\u0441\u043b\u0435\u0434\u043e\u0432\u0430\u043d\u0438\u044f \u043a\u043e\u043d\u043a\u0443\u0440\u0435\u043d\u0442\u043e\u0432, \u0432\u043d\u0435 \u0437\u0430\u0432\u0438\u0441\u0438\u043c\u043e\u0441\u0442\u0438 \n\u043e\u0442 \u0438\u0445 \u0443\u0440\u043e\u0432\u043d\u044f, \u0434\u043e\u043b\u0436\u043d\u044b \u0431\u044b\u0442\u044c \u043f\u0440\u0435\u0432\u0440\u0430\u0449\u0435\u043d\u044b \u0432 \u043f\u043e\u0441\u043c\u0435\u0448\u0438\u0449\u0435, \u0445\u043e\u0442\u044f \u0441\u0430\u043c\u043e \u0438\u0445 \u0441\u0443\u0449\u0435\u0441\u0442\u0432\u043e\u0432\u0430\u043d\u0438\u0435 \u043f\u0440\u0438\u043d\u043e\u0441\u0438\u0442 \u043d\u0435\u0441\u043e\u043c\u043d\u0435\u043d\u043d\u0443\u044e \u043f\u043e\u043b\u044c\u0437\u0443 \n\u043e\u0431\u0449\u0435\u0441\u0442\u0432\u0443.", "text": "<p>\u0412\u044b\u0441\u043e\u043a\u043e\u043a\u0430\u0447\u0435\u0441\u0442\u0432\u0435\u043d\u043d\u044b\u0439 \u043f\u0440\u043e\u0442\u043e\u0442\u0438\u043f \u0431\u0443\u0434\u0443\u0449\u0435\u0433\u043e \u043f\u0440\u043e\u0435\u043a\u0442\u0430 \u043d\u0435 \u043e\u0441\u0442\u0430\u0432\u043b\u044f\u0435\u0442 \u0448\u0430\u043d\u0441\u0430 \n\u0434\u043b\u044f \u043f\u0440\u0438\u043e\u0440\u0438\u0442\u0438\u0437\u0430\u0446\u0438\u0438 \u0440\u0430\u0437\u0443\u043c\u0430 \u043d\u0430\u0434 \u044d\u043c\u043e\u0446\u0438\u044f\u043c\u0438. \u041f\u0440\u0438\u044f\u0442\u043d\u043e, \u0433\u0440\u0430\u0436\u0434\u0430\u043d\u0435, \u043d\u0430\u0431\u043b\u044e\u0434\u0430\u0442\u044c, \u043a\u0430\u043a \u0430\u043a\u0442\u0438\u0432\u043d\u043e \u0440\u0430\u0437\u0432\u0438\u0432\u0430\u044e\u0449\u0438\u0435\u0441\u044f \n\u0441\u0442\u0440\u0430\u043d\u044b \u0442\u0440\u0435\u0442\u044c\u0435\u0433\u043e \u043c\u0438\u0440\u0430, \u043f\u0440\u0435\u0432\u043e\u0437\u043c\u043e\u0433\u0430\u044f \u0441\u043b\u043e\u0436\u0438\u0432\u0448\u0443\u044e\u0441\u044f \u043d\u0435\u043f\u0440\u043e\u0441\u0442\u0443\u044e \u044d\u043a\u043e\u043d\u043e\u043c\u0438\u0447\u0435\u0441\u043a\u0443\u044e \u0441\u0438\u0442\u0443\u0430\u0446\u0438\u044e, \u043e\u0431\u044a\u044f\u0432\u043b\u0435\u043d\u044b \u043d\u0430\u0440\u0443\u0448\u0430\u044e\u0449\u0438\u043c\u0438 \n\u043e\u0431\u0449\u0435\u0447\u0435\u043b\u043e\u0432\u0435\u0447\u0435\u0441\u043a\u0438\u0435 \u043d\u043e\u0440\u043c\u044b \u044d\u0442\u0438\u043a\u0438 \u0438 \u043c\u043e\u0440\u0430\u043b\u0438. \u0412\u043d\u0435\u0437\u0430\u043f\u043d\u043e, \u0442\u0449\u0430\u0442\u0435\u043b\u044c\u043d\u044b\u0435 \u0438\u0441\u0441\u043b\u0435\u0434\u043e\u0432\u0430\u043d\u0438\u044f \u043a\u043e\u043d\u043a\u0443\u0440\u0435\u043d\u0442\u043e\u0432, \u043a\u043e\u0442\u043e\u0440\u044b\u0435 \u043f\u0440\u0435\u0434\u0441\u0442\u0430\u0432\u043b\u044f\u044e\u0442\n\u0441\u043e\u0431\u043e\u0439 \u044f\u0440\u043a\u0438\u0439 \u043f\u0440\u0438\u043c\u0435\u0440 \u043a\u043e\u043d\u0442\u0438\u043d\u0435\u043d\u0442\u0430\u043b\u044c\u043d\u043e-\u0435\u0432\u0440\u043e\u043f\u0435\u0439\u0441\u043a\u043e\u0433\u043e \u0442\u0438\u043f\u0430 \u043f\u043e\u043b\u0438\u0442\u0438\u0447\u0435\u0441\u043a\u043e\u0439 \u043a\u0443\u043b\u044c\u0442\u0443\u0440\u044b, \u0431\u0443\u0434\u0443\u0442 \u043e\u0431\u044a\u0435\u0434\u0438\u043d\u0435\u043d\u044b \u0432 \u0446\u0435\u043b\u044b\u0435 \u043a\u043b\u0430\u0441\u0442\u0435\u0440\u044b\n\u0441\u0435\u0431\u0435 \u043f\u043e\u0434\u043e\u0431\u043d\u044b\u0445. \u0422\u0430\u043a\u0438\u043c \u043e\u0431\u0440\u0430\u0437\u043e\u043c, \u0432\u044b\u0431\u0440\u0430\u043d\u043d\u044b\u0439 \u043d\u0430\u043c\u0438 \u0438\u043d\u043d\u043e\u0432\u0430\u0446\u0438\u043e\u043d\u043d\u044b\u0439 \u043f\u0443\u0442\u044c \u043e\u0431\u0435\u0441\u043f\u0435\u0447\u0438\u0432\u0430\u0435\u0442 \u0448\u0438\u0440\u043e\u043a\u043e\u043c\u0443 \u043a\u0440\u0443\u0433\u0443 (\u0441\u043f\u0435\u0446\u0438\u0430\u043b\u0438\u0441\u0442\u043e\u0432) \n\u0443\u0447\u0430\u0441\u0442\u0438\u0435 \u0432 \u0444\u043e\u0440\u043c\u0438\u0440\u043e\u0432\u0430\u043d\u0438\u0438 \u043f\u043e\u044d\u0442\u0430\u043f\u043d\u043e\u0433\u043e \u0438 \u043f\u043e\u0441\u043b\u0435\u0434\u043e\u0432\u0430\u0442\u0435\u043b\u044c\u043d\u043e\u0433\u043e \u0440\u0430\u0437\u0432\u0438\u0442\u0438\u044f \u043e\u0431\u0449\u0435\u0441\u0442\u0432\u0430.</p>"}}, {"model": "easy_news.news", "pk": 21, "fields": {"show": true, "title": "\u041d\u043e\u0432\u043e\u0441\u0442\u044c 20", "slug": "news-20", "author": "\u0424\u0435\u043e\u0444\u0430\u043d \u041c\u0430\u0442\u0432\u0435\u0435\u0432", "date": "2019-11-27", "creation_date": "2019-11-27", "short": "\u0412\u044b\u0441\u043e\u043a\u043e\u0442\u0435\u0445\u043d\u043e\u043b\u043e\u0433\u0438\u0447\u043d\u0430\u044f \u043a\u043e\u043d\u0446\u0435\u043f\u0446\u0438\u044f \u043e\u0431\u0449\u0435\u0441\u0442\u0432\u0435\u043d\u043d\u043e\u0433\u043e \u0443\u043a\u043b\u0430\u0434\u0430 \u0441\u043f\u043e\u0441\u043e\u0431\u0441\u0442\u0432\u0443\u0435\u0442 \u043f\u043e\u0434\u0433\u043e\u0442\u043e\u0432\u043a\u0435 \u0438 \u0440\u0435\u0430\u043b\u0438\u0437\u0430\u0446\u0438\u0438\n\u043f\u0435\u0440\u0435\u043e\u0441\u043c\u044b\u0441\u043b\u0435\u043d\u0438\u044f \u0432\u043d\u0435\u0448\u043d\u0435\u044d\u043a\u043e\u043d\u043e\u043c\u0438\u0447\u0435\u0441\u043a\u0438\u0445 \u043f\u043e\u043b\u0438\u0442\u0438\u043a. \u041a\u0441\u0442\u0430\u0442\u0438, \u0442\u0449\u0430\u0442\u0435\u043b\u044c\u043d\u044b\u0435 \u0438\u0441\u0441\u043b\u0435\u0434\u043e\u0432\u0430\u043d\u0438\u044f \u043a\u043e\u043d\u043a\u0443\u0440\u0435\u043d\u0442\u043e\u0432, \u0432\u043d\u0435 \u0437\u0430\u0432\u0438\u0441\u0438\u043c\u043e\u0441\u0442\u0438 \n\u043e\u0442 \u0438\u0445 \u0443\u0440\u043e\u0432\u043d\u044f, \u0434\u043e\u043b\u0436\u043d\u044b \u0431\u044b\u0442\u044c \u043f\u0440\u0435\u0432\u0440\u0430\u0449\u0435\u043d\u044b \u0432 \u043f\u043e\u0441\u043c\u0435\u0448\u0438\u0449\u0435, \u0445\u043e\u0442\u044f \u0441\u0430\u043c\u043e \u0438\u0445 \u0441\u0443\u0449\u0435\u0441\u0442\u0432\u043e\u0432\u0430\u043d\u0438\u0435 \u043f\u0440\u0438\u043d\u043e\u0441\u0438\u0442 \u043d\u0435\u0441\u043e\u043c\u043d\u0435\u043d\u043d\u0443\u044e \u043f\u043e\u043b\u044c\u0437\u0443 \n\u043e\u0431\u0449\u0435\u0441\u0442\u0432\u0443.", "text": "<p>\u0412\u044b\u0441\u043e\u043a\u043e\u043a\u0430\u0447\u0435\u0441\u0442\u0432\u0435\u043d\u043d\u044b\u0439 \u043f\u0440\u043e\u0442\u043e\u0442\u0438\u043f \u0431\u0443\u0434\u0443\u0449\u0435\u0433\u043e \u043f\u0440\u043e\u0435\u043a\u0442\u0430 \u043d\u0435 \u043e\u0441\u0442\u0430\u0432\u043b\u044f\u0435\u0442 \u0448\u0430\u043d\u0441\u0430 \n\u0434\u043b\u044f \u043f\u0440\u0438\u043e\u0440\u0438\u0442\u0438\u0437\u0430\u0446\u0438\u0438 \u0440\u0430\u0437\u0443\u043c\u0430 \u043d\u0430\u0434 \u044d\u043c\u043e\u0446\u0438\u044f\u043c\u0438. \u041f\u0440\u0438\u044f\u0442\u043d\u043e, \u0433\u0440\u0430\u0436\u0434\u0430\u043d\u0435, \u043d\u0430\u0431\u043b\u044e\u0434\u0430\u0442\u044c, \u043a\u0430\u043a \u0430\u043a\u0442\u0438\u0432\u043d\u043e \u0440\u0430\u0437\u0432\u0438\u0432\u0430\u044e\u0449\u0438\u0435\u0441\u044f \n\u0441\u0442\u0440\u0430\u043d\u044b \u0442\u0440\u0435\u0442\u044c\u0435\u0433\u043e \u043c\u0438\u0440\u0430, \u043f\u0440\u0435\u0432\u043e\u0437\u043c\u043e\u0433\u0430\u044f \u0441\u043b\u043e\u0436\u0438\u0432\u0448\u0443\u044e\u0441\u044f \u043d\u0435\u043f\u0440\u043e\u0441\u0442\u0443\u044e \u044d\u043a\u043e\u043d\u043e\u043c\u0438\u0447\u0435\u0441\u043a\u0443\u044e \u0441\u0438\u0442\u0443\u0430\u0446\u0438\u044e, \u043e\u0431\u044a\u044f\u0432\u043b\u0435\u043d\u044b \u043d\u0430\u0440\u0443\u0448\u0430\u044e\u0449\u0438\u043c\u0438 \n\u043e\u0431\u0449\u0435\u0447\u0435\u043b\u043e\u0432\u0435\u0447\u0435\u0441\u043a\u0438\u0435 \u043d\u043e\u0440\u043c\u044b \u044d\u0442\u0438\u043a\u0438 \u0438 \u043c\u043e\u0440\u0430\u043b\u0438. \u0412\u043d\u0435\u0437\u0430\u043f\u043d\u043e, \u0442\u0449\u0430\u0442\u0435\u043b\u044c\u043d\u044b\u0435 \u0438\u0441\u0441\u043b\u0435\u0434\u043e\u0432\u0430\u043d\u0438\u044f \u043a\u043e\u043d\u043a\u0443\u0440\u0435\u043d\u0442\u043e\u0432, \u043a\u043e\u0442\u043e\u0440\u044b\u0435 \u043f\u0440\u0435\u0434\u0441\u0442\u0430\u0432\u043b\u044f\u044e\u0442\n\u0441\u043e\u0431\u043e\u0439 \u044f\u0440\u043a\u0438\u0439 \u043f\u0440\u0438\u043c\u0435\u0440 \u043a\u043e\u043d\u0442\u0438\u043d\u0435\u043d\u0442\u0430\u043b\u044c\u043d\u043e-\u0435\u0432\u0440\u043e\u043f\u0435\u0439\u0441\u043a\u043e\u0433\u043e \u0442\u0438\u043f\u0430 \u043f\u043e\u043b\u0438\u0442\u0438\u0447\u0435\u0441\u043a\u043e\u0439 \u043a\u0443\u043b\u044c\u0442\u0443\u0440\u044b, \u0431\u0443\u0434\u0443\u0442 \u043e\u0431\u044a\u0435\u0434\u0438\u043d\u0435\u043d\u044b \u0432 \u0446\u0435\u043b\u044b\u0435 \u043a\u043b\u0430\u0441\u0442\u0435\u0440\u044b\n\u0441\u0435\u0431\u0435 \u043f\u043e\u0434\u043e\u0431\u043d\u044b\u0445. \u0422\u0430\u043a\u0438\u043c \u043e\u0431\u0440\u0430\u0437\u043e\u043c, \u0432\u044b\u0431\u0440\u0430\u043d\u043d\u044b\u0439 \u043d\u0430\u043c\u0438 \u0438\u043d\u043d\u043e\u0432\u0430\u0446\u0438\u043e\u043d\u043d\u044b\u0439 \u043f\u0443\u0442\u044c \u043e\u0431\u0435\u0441\u043f\u0435\u0447\u0438\u0432\u0430\u0435\u0442 \u0448\u0438\u0440\u043e\u043a\u043e\u043c\u0443 \u043a\u0440\u0443\u0433\u0443 (\u0441\u043f\u0435\u0446\u0438\u0430\u043b\u0438\u0441\u0442\u043e\u0432) \n\u0443\u0447\u0430\u0441\u0442\u0438\u0435 \u0432 \u0444\u043e\u0440\u043c\u0438\u0440\u043e\u0432\u0430\u043d\u0438\u0438 \u043f\u043e\u044d\u0442\u0430\u043f\u043d\u043e\u0433\u043e \u0438 \u043f\u043e\u0441\u043b\u0435\u0434\u043e\u0432\u0430\u0442\u0435\u043b\u044c\u043d\u043e\u0433\u043e \u0440\u0430\u0437\u0432\u0438\u0442\u0438\u044f \u043e\u0431\u0449\u0435\u0441\u0442\u0432\u0430.</p>"}}, {"model": "custom_news.newsroot", "pk": 1, "fields": {"title": "\u041d\u043e\u0432\u043e\u0441\u0442\u0438", "last_modified": "2019-11-27T06:42:15.533Z", "main_content": "<p>\u0412\u044b\u0441\u043e\u043a\u043e\u043a\u0430\u0447\u0435\u0441\u0442\u0432\u0435\u043d\u043d\u044b\u0439 \u043f\u0440\u043e\u0442\u043e\u0442\u0438\u043f \u0431\u0443\u0434\u0443\u0449\u0435\u0433\u043e \u043f\u0440\u043e\u0435\u043a\u0442\u0430 \u043d\u0435 \u043e\u0441\u0442\u0430\u0432\u043b\u044f\u0435\u0442 \u0448\u0430\u043d\u0441\u0430 \n\u0434\u043b\u044f \u043f\u0440\u0438\u043e\u0440\u0438\u0442\u0438\u0437\u0430\u0446\u0438\u0438 \u0440\u0430\u0437\u0443\u043c\u0430 \u043d\u0430\u0434 \u044d\u043c\u043e\u0446\u0438\u044f\u043c\u0438. \u041f\u0440\u0438\u044f\u0442\u043d\u043e, \u0433\u0440\u0430\u0436\u0434\u0430\u043d\u0435, \u043d\u0430\u0431\u043b\u044e\u0434\u0430\u0442\u044c, \u043a\u0430\u043a \u0430\u043a\u0442\u0438\u0432\u043d\u043e \u0440\u0430\u0437\u0432\u0438\u0432\u0430\u044e\u0449\u0438\u0435\u0441\u044f \n\u0441\u0442\u0440\u0430\u043d\u044b \u0442\u0440\u0435\u0442\u044c\u0435\u0433\u043e \u043c\u0438\u0440\u0430, \u043f\u0440\u0435\u0432\u043e\u0437\u043c\u043e\u0433\u0430\u044f \u0441\u043b\u043e\u0436\u0438\u0432\u0448\u0443\u044e\u0441\u044f \u043d\u0435\u043f\u0440\u043e\u0441\u0442\u0443\u044e \u044d\u043a\u043e\u043d\u043e\u043c\u0438\u0447\u0435\u0441\u043a\u0443\u044e \u0441\u0438\u0442\u0443\u0430\u0446\u0438\u044e, \u043e\u0431\u044a\u044f\u0432\u043b\u0435\u043d\u044b \u043d\u0430\u0440\u0443\u0448\u0430\u044e\u0449\u0438\u043c\u0438 \n\u043e\u0431\u0449\u0435\u0447\u0435\u043b\u043e\u0432\u0435\u0447\u0435\u0441\u043a\u0438\u0435 \u043d\u043e\u0440\u043c\u044b \u044d\u0442\u0438\u043a\u0438 \u0438 \u043c\u043e\u0440\u0430\u043b\u0438. \u0412\u043d\u0435\u0437\u0430\u043f\u043d\u043e, \u0442\u0449\u0430\u0442\u0435\u043b\u044c\u043d\u044b\u0435 \u0438\u0441\u0441\u043b\u0435\u0434\u043e\u0432\u0430\u043d\u0438\u044f \u043a\u043e\u043d\u043a\u0443\u0440\u0435\u043d\u0442\u043e\u0432, \u043a\u043e\u0442\u043e\u0440\u044b\u0435 \u043f\u0440\u0435\u0434\u0441\u0442\u0430\u0432\u043b\u044f\u044e\u0442\n\u0441\u043e\u0431\u043e\u0439 \u044f\u0440\u043a\u0438\u0439 \u043f\u0440\u0438\u043c\u0435\u0440 \u043a\u043e\u043d\u0442\u0438\u043d\u0435\u043d\u0442\u0430\u043b\u044c\u043d\u043e-\u0435\u0432\u0440\u043e\u043f\u0435\u0439\u0441\u043a\u043e\u0433\u043e \u0442\u0438\u043f\u0430 \u043f\u043e\u043b\u0438\u0442\u0438\u0447\u0435\u0441\u043a\u043e\u0439 \u043a\u0443\u043b\u044c\u0442\u0443\u0440\u044b, \u0431\u0443\u0434\u0443\u0442 \u043e\u0431\u044a\u0435\u0434\u0438\u043d\u0435\u043d\u044b \u0432 \u0446\u0435\u043b\u044b\u0435 \u043a\u043b\u0430\u0441\u0442\u0435\u0440\u044b\n\u0441\u0435\u0431\u0435 \u043f\u043e\u0434\u043e\u0431\u043d\u044b\u0445. \u0422\u0430\u043a\u0438\u043c \u043e\u0431\u0440\u0430\u0437\u043e\u043c, \u0432\u044b\u0431\u0440\u0430\u043d\u043d\u044b\u0439 \u043d\u0430\u043c\u0438 \u0438\u043d\u043d\u043e\u0432\u0430\u0446\u0438\u043e\u043d\u043d\u044b\u0439 \u043f\u0443\u0442\u044c \u043e\u0431\u0435\u0441\u043f\u0435\u0447\u0438\u0432\u0430\u0435\u0442 \u0448\u0438\u0440\u043e\u043a\u043e\u043c\u0443 \u043a\u0440\u0443\u0433\u0443 (\u0441\u043f\u0435\u0446\u0438\u0430\u043b\u0438\u0441\u0442\u043e\u0432) \n\u0443\u0447\u0430\u0441\u0442\u0438\u0435 \u0432 \u0444\u043e\u0440\u043c\u0438\u0440\u043e\u0432\u0430\u043d\u0438\u0438 \u043f\u043e\u044d\u0442\u0430\u043f\u043d\u043e\u0433\u043e \u0438 \u043f\u043e\u0441\u043b\u0435\u0434\u043e\u0432\u0430\u0442\u0435\u043b\u044c\u043d\u043e\u0433\u043e \u0440\u0430\u0437\u0432\u0438\u0442\u0438\u044f \u043e\u0431\u0449\u0435\u0441\u0442\u0432\u0430.</p>", "bottom_content": "<p>\u0412\u044b\u0441\u043e\u043a\u043e\u043a\u0430\u0447\u0435\u0441\u0442\u0432\u0435\u043d\u043d\u044b\u0439 \u043f\u0440\u043e\u0442\u043e\u0442\u0438\u043f \u0431\u0443\u0434\u0443\u0449\u0435\u0433\u043e \u043f\u0440\u043e\u0435\u043a\u0442\u0430 \u043d\u0435 \u043e\u0441\u0442\u0430\u0432\u043b\u044f\u0435\u0442 \u0448\u0430\u043d\u0441\u0430 \n\u0434\u043b\u044f \u043f\u0440\u0438\u043e\u0440\u0438\u0442\u0438\u0437\u0430\u0446\u0438\u0438 \u0440\u0430\u0437\u0443\u043c\u0430 \u043d\u0430\u0434 \u044d\u043c\u043e\u0446\u0438\u044f\u043c\u0438. \u041f\u0440\u0438\u044f\u0442\u043d\u043e, \u0433\u0440\u0430\u0436\u0434\u0430\u043d\u0435, \u043d\u0430\u0431\u043b\u044e\u0434\u0430\u0442\u044c, \u043a\u0430\u043a \u0430\u043a\u0442\u0438\u0432\u043d\u043e \u0440\u0430\u0437\u0432\u0438\u0432\u0430\u044e\u0449\u0438\u0435\u0441\u044f \n\u0441\u0442\u0440\u0430\u043d\u044b \u0442\u0440\u0435\u0442\u044c\u0435\u0433\u043e \u043c\u0438\u0440\u0430, \u043f\u0440\u0435\u0432\u043e\u0437\u043c\u043e\u0433\u0430\u044f \u0441\u043b\u043e\u0436\u0438\u0432\u0448\u0443\u044e\u0441\u044f \u043d\u0435\u043f\u0440\u043e\u0441\u0442\u0443\u044e \u044d\u043a\u043e\u043d\u043e\u043c\u0438\u0447\u0435\u0441\u043a\u0443\u044e \u0441\u0438\u0442\u0443\u0430\u0446\u0438\u044e, \u043e\u0431\u044a\u044f\u0432\u043b\u0435\u043d\u044b \u043d\u0430\u0440\u0443\u0448\u0430\u044e\u0449\u0438\u043c\u0438 \n\u043e\u0431\u0449\u0435\u0447\u0435\u043b\u043e\u0432\u0435\u0447\u0435\u0441\u043a\u0438\u0435 \u043d\u043e\u0440\u043c\u044b \u044d\u0442\u0438\u043a\u0438 \u0438 \u043c\u043e\u0440\u0430\u043b\u0438. \u0412\u043d\u0435\u0437\u0430\u043f\u043d\u043e, \u0442\u0449\u0430\u0442\u0435\u043b\u044c\u043d\u044b\u0435 \u0438\u0441\u0441\u043b\u0435\u0434\u043e\u0432\u0430\u043d\u0438\u044f \u043a\u043e\u043d\u043a\u0443\u0440\u0435\u043d\u0442\u043e\u0432, \u043a\u043e\u0442\u043e\u0440\u044b\u0435 \u043f\u0440\u0435\u0434\u0441\u0442\u0430\u0432\u043b\u044f\u044e\u0442\n\u0441\u043e\u0431\u043e\u0439 \u044f\u0440\u043a\u0438\u0439 \u043f\u0440\u0438\u043c\u0435\u0440 \u043a\u043e\u043d\u0442\u0438\u043d\u0435\u043d\u0442\u0430\u043b\u044c\u043d\u043e-\u0435\u0432\u0440\u043e\u043f\u0435\u0439\u0441\u043a\u043e\u0433\u043e \u0442\u0438\u043f\u0430 \u043f\u043e\u043b\u0438\u0442\u0438\u0447\u0435\u0441\u043a\u043e\u0439 \u043a\u0443\u043b\u044c\u0442\u0443\u0440\u044b, \u0431\u0443\u0434\u0443\u0442 \u043e\u0431\u044a\u0435\u0434\u0438\u043d\u0435\u043d\u044b \u0432 \u0446\u0435\u043b\u044b\u0435 \u043a\u043b\u0430\u0441\u0442\u0435\u0440\u044b\n\u0441\u0435\u0431\u0435 \u043f\u043e\u0434\u043e\u0431\u043d\u044b\u0445. \u0422\u0430\u043a\u0438\u043c \u043e\u0431\u0440\u0430\u0437\u043e\u043c, \u0432\u044b\u0431\u0440\u0430\u043d\u043d\u044b\u0439 \u043d\u0430\u043c\u0438 \u0438\u043d\u043d\u043e\u0432\u0430\u0446\u0438\u043e\u043d\u043d\u044b\u0439 \u043f\u0443\u0442\u044c \u043e\u0431\u0435\u0441\u043f\u0435\u0447\u0438\u0432\u0430\u0435\u0442 \u0448\u0438\u0440\u043e\u043a\u043e\u043c\u0443 \u043a\u0440\u0443\u0433\u0443 (\u0441\u043f\u0435\u0446\u0438\u0430\u043b\u0438\u0441\u0442\u043e\u0432) \n\u0443\u0447\u0430\u0441\u0442\u0438\u0435 \u0432 \u0444\u043e\u0440\u043c\u0438\u0440\u043e\u0432\u0430\u043d\u0438\u0438 \u043f\u043e\u044d\u0442\u0430\u043f\u043d\u043e\u0433\u043e \u0438 \u043f\u043e\u0441\u043b\u0435\u0434\u043e\u0432\u0430\u0442\u0435\u043b\u044c\u043d\u043e\u0433\u043e \u0440\u0430\u0437\u0432\u0438\u0442\u0438\u044f \u043e\u0431\u0449\u0435\u0441\u0442\u0432\u0430.</p>"}}, {"model": "pages.content", "pk": 1, "fields": {"language": "ru", "body": "\u0413\u0430\u0439\u0434\u043b\u0430\u0439\u043d", "type": "title", "page": 1, "creation_date": "2019-11-27T06:42:15.507Z", "label": ""}}, {"model": "pages.content", "pk": 2, "fields": {"language": "ru", "body": "guidelines", "type": "slug", "page": 1, "creation_date": "2019-11-27T06:42:15.515Z", "label": ""}}, {"model": "pages.content", "pk": 3, "fields": {"language": "ru", "body": "<p>\u0421\u043e\u0432\u0440\u0435\u043c\u0435\u043d\u043d\u044b\u0435 \u0442\u0435\u0445\u043d\u043e\u043b\u043e\u0433\u0438\u0438 \u0434\u043e\u0441\u0442\u0438\u0433\u043b\u0438 \u0442\u0430\u043a\u043e\u0433\u043e \u0443\u0440\u043e\u0432\u043d\u044f, \u0447\u0442\u043e \u0432\u044b\u0431\u0440\u0430\u043d\u043d\u044b\u0439 \u043d\u0430\u043c\u0438 \u0438\u043d\u043d\u043e\u0432\u0430\u0446\u0438\u043e\u043d\u043d\u044b\u0439 \u043f\u0443\u0442\u044c \u0433\u043e\u0432\u043e\u0440\u0438\u0442 \u043e \u0432\u043e\u0437\u043c\u043e\u0436\u043d\u043e\u0441\u0442\u044f\u0445 \u0444\u043e\u0440\u043c \u0432\u043e\u0437\u0434\u0435\u0439\u0441\u0442\u0432\u0438\u044f. \u041a\u0430\u043a \u0443\u0436\u0435 \u043d\u0435\u043e\u0434\u043d\u043e\u043a\u0440\u0430\u0442\u043d\u043e \u0443\u043f\u043e\u043c\u044f\u043d\u0443\u0442\u043e, \u0438\u043d\u0442\u0435\u0440\u0430\u043a\u0442\u0438\u0432\u043d\u044b\u0435 \u043f\u0440\u043e\u0442\u043e\u0442\u0438\u043f\u044b, \u0432\u043d\u0435 \u0437\u0430\u0432\u0438\u0441\u0438\u043c\u043e\u0441\u0442\u0438 \u043e\u0442 \u0438\u0445 \u0443\u0440\u043e\u0432\u043d\u044f, \u0434\u043e\u043b\u0436\u043d\u044b \u0431\u044b\u0442\u044c \u0444\u0443\u043d\u043a\u0446\u0438\u043e\u043d\u0430\u043b\u044c\u043d\u043e \u0440\u0430\u0437\u043d\u0435\u0441\u0435\u043d\u044b \u043d\u0430 \u043d\u0435\u0437\u0430\u0432\u0438\u0441\u0438\u043c\u044b\u0435 \u044d\u043b\u0435\u043c\u0435\u043d\u0442\u044b. \u041d\u0435 \u0441\u043b\u0435\u0434\u0443\u0435\u0442, \u043e\u0434\u043d\u0430\u043a\u043e, \u0437\u0430\u0431\u044b\u0432\u0430\u0442\u044c, \u0447\u0442\u043e \u0433\u043b\u0443\u0431\u043e\u043a\u0438\u0439 \u0443\u0440\u043e\u0432\u0435\u043d\u044c \u043f\u043e\u0433\u0440\u0443\u0436\u0435\u043d\u0438\u044f \u043d\u0435 \u043e\u0441\u0442\u0430\u0432\u043b\u044f\u0435\u0442 \u0448\u0430\u043d\u0441\u0430 \u0434\u043b\u044f \u0438\u043d\u043d\u043e\u0432\u0430\u0446\u0438\u043e\u043d\u043d\u044b\u0445 \u043c\u0435\u0442\u043e\u0434\u043e\u0432 \u0443\u043f\u0440\u0430\u0432\u043b\u0435\u043d\u0438\u044f \u043f\u0440\u043e\u0446\u0435\u0441\u0441\u0430\u043c\u0438.</p>\n<p>\u0412 \u0441\u0432\u043e\u0451\u043c \u0441\u0442\u0440\u0435\u043c\u043b\u0435\u043d\u0438\u0438 \u043f\u043e\u0432\u044b\u0441\u0438\u0442\u044c \u043a\u0430\u0447\u0435\u0441\u0442\u0432\u043e \u0436\u0438\u0437\u043d\u0438, \u043e\u043d\u0438 \u0437\u0430\u0431\u044b\u0432\u0430\u044e\u0442, \u0447\u0442\u043e \u0433\u0440\u0430\u043d\u0438\u0446\u0430 \u043e\u0431\u0443\u0447\u0435\u043d\u0438\u044f \u043a\u0430\u0434\u0440\u043e\u0432 \u0433\u043e\u0432\u043e\u0440\u0438\u0442 \u043e \u0432\u043e\u0437\u043c\u043e\u0436\u043d\u043e\u0441\u0442\u044f\u0445 \u043f\u043e\u044d\u0442\u0430\u043f\u043d\u043e\u0433\u043e \u0438 \u043f\u043e\u0441\u043b\u0435\u0434\u043e\u0432\u0430\u0442\u0435\u043b\u044c\u043d\u043e\u0433\u043e \u0440\u0430\u0437\u0432\u0438\u0442\u0438\u044f \u043e\u0431\u0449\u0435\u0441\u0442\u0432\u0430. \u0411\u0435\u0437\u0443\u0441\u043b\u043e\u0432\u043d\u043e, \u043f\u043e\u0432\u044b\u0448\u0435\u043d\u0438\u0435 \u0443\u0440\u043e\u0432\u043d\u044f \u0433\u0440\u0430\u0436\u0434\u0430\u043d\u0441\u043a\u043e\u0433\u043e \u0441\u043e\u0437\u043d\u0430\u043d\u0438\u044f \u0432\u043b\u0435\u0447\u0435\u0442 \u0437\u0430 \u0441\u043e\u0431\u043e\u0439 \u043f\u0440\u043e\u0446\u0435\u0441\u0441 \u0432\u043d\u0435\u0434\u0440\u0435\u043d\u0438\u044f \u0438 \u043c\u043e\u0434\u0435\u0440\u043d\u0438\u0437\u0430\u0446\u0438\u0438 \u0441\u0432\u043e\u0435\u0432\u0440\u0435\u043c\u0435\u043d\u043d\u043e\u0433\u043e \u0432\u044b\u043f\u043e\u043b\u043d\u0435\u043d\u0438\u044f \u0441\u0432\u0435\u0440\u0445\u0437\u0430\u0434\u0430\u0447\u0438.\u041d\u0430&nbsp;<a href=\"#\">\u0441\u0442\u0440\u0430\u043d\u0438\u0446\u0430\u0445 \u043f\u0440\u043e\u0435\u043a\u0442\u0430</a>&nbsp;\u043c\u044b \u0441\u043e\u0431\u0440\u0430\u043b\u0438 \u043e\u0433\u0440\u043e\u043c\u043d\u0443\u044e \u0431\u0430\u0437\u0443 \u0442\u0435\u0445\u043d\u0438\u0447\u0435\u0441\u043a\u043e\u0439 \u0438\u043d\u0444\u043e\u0440\u043c\u0430\u0446\u0438\u0438 \u0438 \u0434\u0440\u0443\u0433\u0438\u0435 \u0438\u043d\u0441\u0442\u0440\u0443\u043c\u0435\u043d\u0442\u044b \u0434\u043b\u044f \u043f\u043e\u0432\u0441\u0435\u0434\u043d\u0435\u0432\u043d\u043e\u0439 \u0440\u0430\u0431\u043e\u0442\u044b. \u041f\u0440\u0435\u0434\u0432\u0430\u0440\u0438\u0442\u0435\u043b\u044c\u043d\u044b\u0435 \u0432\u044b\u0432\u043e\u0434\u044b \u043d\u0435\u0443\u0442\u0435\u0448\u0438\u0442\u0435\u043b\u044c\u043d\u044b: \u043f\u043e\u0441\u0442\u043e\u044f\u043d\u043d\u044b\u0439 \u043a\u043e\u043b\u0438\u0447\u0435\u0441\u0442\u0432\u0435\u043d\u043d\u044b\u0439 \u0440\u043e\u0441\u0442 \u0438 \u0441\u0444\u0435\u0440\u0430 \u043d\u0430\u0448\u0435\u0439 \u0430\u043a\u0442\u0438\u0432\u043d\u043e\u0441\u0442\u0438 \u043e\u0431\u0435\u0441\u043f\u0435\u0447\u0438\u0432\u0430\u0435\u0442 \u0448\u0438\u0440\u043e\u043a\u043e\u043c\u0443 \u043a\u0440\u0443\u0433\u0443 (\u0441\u043f\u0435\u0446\u0438\u0430\u043b\u0438\u0441\u0442\u043e\u0432) \u0443\u0447\u0430\u0441\u0442\u0438\u0435 \u0432 \u0444\u043e\u0440\u043c\u0438\u0440\u043e\u0432\u0430\u043d\u0438\u0438 \u044d\u043a\u0441\u043f\u0435\u0440\u0438\u043c\u0435\u043d\u0442\u043e\u0432, \u043f\u043e\u0440\u0430\u0436\u0430\u044e\u0449\u0438\u0445 \u043f\u043e \u0441\u0432\u043e\u0435\u0439 \u043c\u0430\u0441\u0448\u0442\u0430\u0431\u043d\u043e\u0441\u0442\u0438 \u0438 \u0433\u0440\u0430\u043d\u0434\u0438\u043e\u0437\u043d\u043e\u0441\u0442\u0438.</p>\n<h1>\u0417\u0430\u0433\u043e\u043b\u043e\u0432\u043e\u043a 1</h1>\n<h2>\u0417\u0430\u0433\u043e\u043b\u043e\u0432\u043e\u043a 2</h2>\n<h3>\u0417\u0430\u0433\u043e\u043b\u043e\u0432\u043e\u043a 3</h3>\n<h4>\u0417\u0430\u0433\u043e\u043b\u043e\u0432\u043e\u043a 4</h4>\n<h5>\u0417\u0430\u0433\u043e\u043b\u043e\u0432\u043e\u043a 5</h5>\n<h6>\u0417\u0430\u0433\u043e\u043b\u043e\u0432\u043e\u043a 6</h6>\n<h4>\u041c\u0430\u0440\u043a\u0438\u0440\u043e\u0432\u0430\u043d\u043d\u044b\u0439 \u0441\u043f\u0438\u0441\u043e\u043a</h4>\n<ul>\n<li>\u0412 \u0446\u0435\u043b\u043e\u043c, \u043a\u043e\u043d\u0435\u0447\u043d\u043e, \u0433\u0440\u0430\u043d\u0438\u0446\u0430 \u043e\u0431\u0443\u0447\u0435\u043d\u0438\u044f \u043a\u0430\u0434\u0440\u043e\u0432 \u043d\u0435 \u0434\u0430\u0451\u0442 \u043d\u0430\u043c \u0438\u043d\u043e\u0433\u043e \u0432\u044b\u0431\u043e\u0440\u0430, \u043a\u0440\u043e\u043c\u0435 \u043e\u043f\u0440\u0435\u0434\u0435\u043b\u0435\u043d\u0438\u044f \u043c\u043e\u0434\u0435\u043b\u0438 \u0440\u0430\u0437\u0432\u0438\u0442\u0438\u044f;</li>\n<li>\u041a\u0430\u043a \u043f\u0440\u0438\u043d\u044f\u0442\u043e \u0441\u0447\u0438\u0442\u0430\u0442\u044c, \u044d\u043b\u0435\u043c\u0435\u043d\u0442\u044b \u043f\u043e\u043b\u0438\u0442\u0438\u0447\u0435\u0441\u043a\u043e\u0433\u043e \u043f\u0440\u043e\u0446\u0435\u0441\u0441\u0430 \u0444\u043e\u0440\u043c\u0438\u0440\u0443\u044e\u0442 \u0433\u043b\u043e\u0431\u0430\u043b\u044c\u043d\u0443\u044e \u044d\u043a\u043e\u043d\u043e\u043c\u0438\u0447\u0435\u0441\u043a\u0443\u044e \u0441\u0435\u0442\u044c;</li>\n<li>\u0421\u043b\u0435\u0434\u0443\u0435\u0442 \u043e\u0442\u043c\u0435\u0442\u0438\u0442\u044c, \u0447\u0442\u043e \u0441\u043e\u0446\u0438\u0430\u043b\u044c\u043d\u043e-\u044d\u043a\u043e\u043d\u043e\u043c\u0438\u0447\u0435\u0441\u043a\u043e\u0435 \u0440\u0430\u0437\u0432\u0438\u0442\u0438\u0435 \u0441\u043f\u043e\u0441\u043e\u0431\u0441\u0442\u0432\u0443\u0435\u0442 \u043f\u043e\u0434\u0433\u043e\u0442\u043e\u0432\u043a\u0435 \u0438 \u0440\u0435\u0430\u043b\u0438\u0437\u0430\u0446\u0438\u0438 \u0433\u043b\u0443\u0431\u043e\u043a\u043e\u043c\u044b\u0441\u043b\u0435\u043d\u043d\u044b\u0445 \u0440\u0430\u0441\u0441\u0443\u0436\u0434\u0435\u043d\u0438\u0439;</li>\n<li>\u0422\u0430\u043a\u0436\u0435 \u043a\u0430\u043a \u044d\u043a\u043e\u043d\u043e\u043c\u0438\u0447\u0435\u0441\u043a\u0430\u044f \u043f\u043e\u0432\u0435\u0441\u0442\u043a\u0430 \u0441\u0435\u0433\u043e\u0434\u043d\u044f\u0448\u043d\u0435\u0433\u043e \u0434\u043d\u044f \u043f\u043e\u0437\u0432\u043e\u043b\u044f\u0435\u0442 \u0432\u044b\u043f\u043e\u043b\u043d\u0438\u0442\u044c \u0432\u0430\u0436\u043d\u044b\u0435 \u0437\u0430\u0434\u0430\u043d\u0438\u044f \u043f\u043e \u0440\u0430\u0437\u0440\u0430\u0431\u043e\u0442\u043a\u0435 \u0441\u0442\u0430\u043d\u0434\u0430\u0440\u0442\u043d\u044b\u0445 \u043f\u043e\u0434\u0445\u043e\u0434\u043e\u0432.\u041a\u0441\u0442\u0430\u0442\u0438, \u0430\u043a\u0442\u0438\u0432\u043d\u043e \u0440\u0430\u0437\u0432\u0438\u0432\u0430\u044e\u0449\u0438\u0435\u0441\u044f \u0441\u0442\u0440\u0430\u043d\u044b \u0442\u0440\u0435\u0442\u044c\u0435\u0433\u043e \u043c\u0438\u0440\u0430 \u0438 \u043f\u043e \u0441\u0435\u0439 \u0434\u0435\u043d\u044c \u043e\u0441\u0442\u0430\u044e\u0442\u0441\u044f \u0443\u0434\u0435\u043b\u043e\u043c \u043b\u0438\u0431\u0435\u0440\u0430\u043b\u043e\u0432, \u043a\u043e\u0442\u043e\u0440\u044b\u0435 \u0436\u0430\u0436\u0434\u0443\u0442 \u0431\u044b\u0442\u044c \u0441\u043c\u0435\u0448\u0430\u043d\u044b \u0441 \u043d\u0435 \u0443\u043d\u0438\u043a\u0430\u043b\u044c\u043d\u044b\u043c\u0438 \u0434\u0430\u043d\u043d\u044b\u043c\u0438 \u0434\u043e \u0441\u0442\u0435\u043f\u0435\u043d\u0438 \u0441\u043e\u0432\u0435\u0440\u0448\u0435\u043d\u043d\u043e\u0439 \u043d\u0435\u0443\u0437\u043d\u0430\u0432\u0430\u0435\u043c\u043e\u0441\u0442\u0438, \u0438\u0437-\u0437\u0430 \u0447\u0435\u0433\u043e \u0432\u043e\u0437\u0440\u0430\u0441\u0442\u0430\u0435\u0442 \u0438\u0445 \u0441\u0442\u0430\u0442\u0443\u0441 \u0431\u0435\u0441\u043f\u043e\u043b\u0435\u0437\u043d\u043e\u0441\u0442\u0438;</li>\n<li>\u0418\u043d\u0442\u0435\u0440\u0430\u043a\u0442\u0438\u0432\u043d\u044b\u0435 \u043f\u0440\u043e\u0442\u043e\u0442\u0438\u043f\u044b \u043d\u0430\u0431\u0438\u0440\u0430\u044e\u0442 \u043f\u043e\u043f\u0443\u043b\u044f\u0440\u043d\u043e\u0441\u0442\u044c \u0441\u0440\u0435\u0434\u0438 \u043e\u043f\u0440\u0435\u0434\u0435\u043b\u0435\u043d\u043d\u044b\u0445 \u0441\u043b\u043e\u0435\u0432 \u043d\u0430\u0441\u0435\u043b\u0435\u043d\u0438\u044f, \u0430 \u0437\u043d\u0430\u0447\u0438\u0442, \u0434\u043e\u043b\u0436\u043d\u044b \u0431\u044b\u0442\u044c \u043f\u0440\u0438\u0437\u0432\u0430\u043d\u044b \u043a \u043e\u0442\u0432\u0435\u0442\u0443;</li>\n</ul>\n<h4>\u041d\u0443\u043c\u0435\u0440\u043e\u0432\u0430\u043d\u043d\u044b\u0439 \u0441\u043f\u0438\u0441\u043e\u043a</h4>\n<ol>\n<li>\u0412 \u0446\u0435\u043b\u043e\u043c, \u043a\u043e\u043d\u0435\u0447\u043d\u043e, \u0433\u0440\u0430\u043d\u0438\u0446\u0430 \u043e\u0431\u0443\u0447\u0435\u043d\u0438\u044f \u043a\u0430\u0434\u0440\u043e\u0432 \u043d\u0435 \u0434\u0430\u0451\u0442 \u043d\u0430\u043c \u0438\u043d\u043e\u0433\u043e \u0432\u044b\u0431\u043e\u0440\u0430, \u043a\u0440\u043e\u043c\u0435 \u043e\u043f\u0440\u0435\u0434\u0435\u043b\u0435\u043d\u0438\u044f \u043c\u043e\u0434\u0435\u043b\u0438 \u0440\u0430\u0437\u0432\u0438\u0442\u0438\u044f;</li>\n<li>\u041a\u0430\u043a \u043f\u0440\u0438\u043d\u044f\u0442\u043e \u0441\u0447\u0438\u0442\u0430\u0442\u044c, \u044d\u043b\u0435\u043c\u0435\u043d\u0442\u044b \u043f\u043e\u043b\u0438\u0442\u0438\u0447\u0435\u0441\u043a\u043e\u0433\u043e \u043f\u0440\u043e\u0446\u0435\u0441\u0441\u0430 \u0444\u043e\u0440\u043c\u0438\u0440\u0443\u044e\u0442 \u0433\u043b\u043e\u0431\u0430\u043b\u044c\u043d\u0443\u044e \u044d\u043a\u043e\u043d\u043e\u043c\u0438\u0447\u0435\u0441\u043a\u0443\u044e \u0441\u0435\u0442\u044c;</li>\n<li>\u0421\u043b\u0435\u0434\u0443\u0435\u0442 \u043e\u0442\u043c\u0435\u0442\u0438\u0442\u044c, \u0447\u0442\u043e \u0441\u043e\u0446\u0438\u0430\u043b\u044c\u043d\u043e-\u044d\u043a\u043e\u043d\u043e\u043c\u0438\u0447\u0435\u0441\u043a\u043e\u0435 \u0440\u0430\u0437\u0432\u0438\u0442\u0438\u0435 \u0441\u043f\u043e\u0441\u043e\u0431\u0441\u0442\u0432\u0443\u0435\u0442 \u043f\u043e\u0434\u0433\u043e\u0442\u043e\u0432\u043a\u0435 \u0438 \u0440\u0435\u0430\u043b\u0438\u0437\u0430\u0446\u0438\u0438 \u0433\u043b\u0443\u0431\u043e\u043a\u043e\u043c\u044b\u0441\u043b\u0435\u043d\u043d\u044b\u0445 \u0440\u0430\u0441\u0441\u0443\u0436\u0434\u0435\u043d\u0438\u0439;</li>\n<li>\u0422\u0430\u043a\u0436\u0435 \u043a\u0430\u043a \u044d\u043a\u043e\u043d\u043e\u043c\u0438\u0447\u0435\u0441\u043a\u0430\u044f \u043f\u043e\u0432\u0435\u0441\u0442\u043a\u0430 \u0441\u0435\u0433\u043e\u0434\u043d\u044f\u0448\u043d\u0435\u0433\u043e \u0434\u043d\u044f \u043f\u043e\u0437\u0432\u043e\u043b\u044f\u0435\u0442 \u0432\u044b\u043f\u043e\u043b\u043d\u0438\u0442\u044c \u0432\u0430\u0436\u043d\u044b\u0435 \u0437\u0430\u0434\u0430\u043d\u0438\u044f \u043f\u043e \u0440\u0430\u0437\u0440\u0430\u0431\u043e\u0442\u043a\u0435 \u0441\u0442\u0430\u043d\u0434\u0430\u0440\u0442\u043d\u044b\u0445 \u043f\u043e\u0434\u0445\u043e\u0434\u043e\u0432.\u041a\u0441\u0442\u0430\u0442\u0438, \u0430\u043a\u0442\u0438\u0432\u043d\u043e \u0440\u0430\u0437\u0432\u0438\u0432\u0430\u044e\u0449\u0438\u0435\u0441\u044f \u0441\u0442\u0440\u0430\u043d\u044b \u0442\u0440\u0435\u0442\u044c\u0435\u0433\u043e \u043c\u0438\u0440\u0430 \u0438 \u043f\u043e \u0441\u0435\u0439 \u0434\u0435\u043d\u044c \u043e\u0441\u0442\u0430\u044e\u0442\u0441\u044f \u0443\u0434\u0435\u043b\u043e\u043c \u043b\u0438\u0431\u0435\u0440\u0430\u043b\u043e\u0432, \u043a\u043e\u0442\u043e\u0440\u044b\u0435 \u0436\u0430\u0436\u0434\u0443\u0442 \u0431\u044b\u0442\u044c \u0441\u043c\u0435\u0448\u0430\u043d\u044b \u0441 \u043d\u0435 \u0443\u043d\u0438\u043a\u0430\u043b\u044c\u043d\u044b\u043c\u0438 \u0434\u0430\u043d\u043d\u044b\u043c\u0438 \u0434\u043e \u0441\u0442\u0435\u043f\u0435\u043d\u0438 \u0441\u043e\u0432\u0435\u0440\u0448\u0435\u043d\u043d\u043e\u0439 \u043d\u0435\u0443\u0437\u043d\u0430\u0432\u0430\u0435\u043c\u043e\u0441\u0442\u0438, \u0438\u0437-\u0437\u0430 \u0447\u0435\u0433\u043e \u0432\u043e\u0437\u0440\u0430\u0441\u0442\u0430\u0435\u0442 \u0438\u0445 \u0441\u0442\u0430\u0442\u0443\u0441 \u0431\u0435\u0441\u043f\u043e\u043b\u0435\u0437\u043d\u043e\u0441\u0442\u0438;</li>\n<li>\u0418\u043d\u0442\u0435\u0440\u0430\u043a\u0442\u0438\u0432\u043d\u044b\u0435 \u043f\u0440\u043e\u0442\u043e\u0442\u0438\u043f\u044b \u043d\u0430\u0431\u0438\u0440\u0430\u044e\u0442 \u043f\u043e\u043f\u0443\u043b\u044f\u0440\u043d\u043e\u0441\u0442\u044c \u0441\u0440\u0435\u0434\u0438 \u043e\u043f\u0440\u0435\u0434\u0435\u043b\u0435\u043d\u043d\u044b\u0445 \u0441\u043b\u043e\u0435\u0432 \u043d\u0430\u0441\u0435\u043b\u0435\u043d\u0438\u044f, \u0430 \u0437\u043d\u0430\u0447\u0438\u0442, \u0434\u043e\u043b\u0436\u043d\u044b \u0431\u044b\u0442\u044c \u043f\u0440\u0438\u0437\u0432\u0430\u043d\u044b \u043a \u043e\u0442\u0432\u0435\u0442\u0443;</li>\n</ol>\n<table>\n<caption>\u0417\u0430\u0433\u043e\u043b\u043e\u0432\u043e\u043a \u0442\u0430\u0431\u043b\u0438\u0446\u044b</caption>\n<tbody>\n<tr><th>&nbsp;\u0422\u0438\u043f</th><th>1,25</th><th>1,5</th><th>1,75</th><th>2,0</th><th>2,5</th></tr>\n<tr>\n<td align=\"left\">\u0422\u043e\u043b\u0449\u0438\u043d\u0430, \u043c\u043c</td>\n<td align=\"center\">1,25&plusmn;0,1</td>\n<td align=\"center\">1,5&plusmn;0,1</td>\n<td align=\"center\">1,75&plusmn;0,12</td>\n<td align=\"center\">2,0&plusmn;0,12</td>\n<td align=\"center\">2,5&plusmn;0,12</td>\n</tr>\n<tr>\n<td align=\"left\">\u0413\u0440\u0430\u043c\u043c\u0430\u0436, \u0433/\u043c<sup>2</sup></td>\n<td align=\"center\">1010</td>\n<td align=\"center\">1100</td>\n<td align=\"center\">1250</td>\n<td align=\"center\">1400</td>\n<td align=\"center\">1750</td>\n</tr>\n<tr>\n<td align=\"left\">\u041f\u043b\u043e\u0442\u043d\u043e\u0441\u0442\u044c, \u0433/\u0441\u043c<sup>3</sup>, \u043d\u0435 \u0431\u043e\u043b\u0435\u0435</td>\n<td colspan=\"5\" align=\"center\">0,75</td>\n</tr>\n<tr>\n<td align=\"left\">\u041f\u0440\u0435\u0434\u0435\u043b \u043f\u0440\u043e\u0447\u043d\u043e\u0441\u0442\u0438 \u043f\u0440\u0438 \u0440\u0430\u0441\u0441\u043b\u0430\u0438\u0432\u0430\u043d\u0438\u0438, \u043a\u041f\u0430, \u043d\u0435 \u043c\u0435\u043d\u0435\u0435</td>\n<td colspan=\"5\" align=\"center\">200</td>\n</tr>\n<tr>\n<td align=\"left\">\u0416\u0435\u0441\u0442\u043a\u043e\u0441\u0442\u044c \u043f\u0440\u0438 \u0441\u0442\u0430\u0442\u0438\u0447\u0435\u0441\u043a\u043e\u043c \u0438\u0437\u0433\u0438\u0431\u0435 \u0432 \u043f\u043e\u043f\u0435\u0440\u0435\u0447\u043d\u043e\u043c \u043d\u0430\u043f\u0440\u0430\u0432\u043b\u0435\u043d\u0438\u0438, \u041d*\u0441\u043c, \u043d\u0435 \u043c\u0435\u043d\u0435\u0435</td>\n<td align=\"center\">9,0</td>\n<td align=\"center\">13,0</td>\n<td align=\"center\">18,0</td>\n<td align=\"center\">28,0</td>\n<td align=\"center\">50,0</td>\n</tr>\n<tr>\n<td align=\"left\">\u0412\u043b\u0430\u0436\u043d\u043e\u0441\u0442\u044c, %</td>\n<td colspan=\"5\" align=\"center\">6-10</td>\n</tr>\n<tr>\n<td align=\"left\">\u0420\u0430\u0437\u043c\u0435\u0440 \u043b\u0438\u0441\u0442\u0430</td>\n<td colspan=\"5\" align=\"center\">92(\u0434\u043e\u043b\u0435\u0432\u0430\u044f)*105</td>\n</tr>\n</tbody>\n</table>\n<p></p>\n<h4>\u0426\u0438\u0442\u0430\u0442\u0430</h4>\n<blockquote>\n<p><b>\u0426\u0438\u0442\u0430\u0442\u0430</b><span>&nbsp;&ndash; \u044d\u0442\u043e \u0442\u043e\u0447\u043d\u0430\u044f \u0434\u043e\u0441\u043b\u043e\u0432\u043d\u0430\u044f \u0432\u044b\u0434\u0435\u0440\u0436\u043a\u0430 \u0438\u0437 \u043a\u0430\u043a\u043e\u0433\u043e-\u043b\u0438\u0431\u043e \u0442\u0435\u043a\u0441\u0442\u0430 \u0438\u043b\u0438 \u0432\u044b\u0441\u043a\u0430\u0437\u044b\u0432\u0430\u043d\u0438\u044f, \u043e\u0442 \u0441\u043b\u043e\u0432\u043e\u0441\u043e\u0447\u0435\u0442\u0430\u043d\u0438\u044f \u0438\u043b\u0438 \u043f\u0440\u043e\u0441\u0442\u043e\u0433\u043e \u043f\u0440\u0435\u0434\u043b\u043e\u0436\u0435\u043d\u0438\u044f \u0434\u043e \u0432\u043d\u0443\u0448\u0438\u0442\u0435\u043b\u044c\u043d\u043e\u0433\u043e \u043e\u0442\u0440\u044b\u0432\u043a\u0430 \u0442\u0435\u043a\u0441\u0442\u0430.</span></p>\n</blockquote>\n", "type": "main_content", "page": 1, "creation_date": "2019-11-27T06:42:15.523Z", "label": ""}}, {"model": "chunks.chunk", "pk": 1, "fields": {"key": "description", "content": "\u041f\u043e\u0434\u043f\u0438\u0441\u044c \u043a \u043b\u043e\u0433\u043e\u0442\u0438\u043f\u0443", "file": "", "description": "\u041f\u043e\u0434\u043f\u0438\u0441\u044c \u043a \u043b\u043e\u0433\u043e\u0442\u0438\u043f\u0443 \u0432 \u0448\u0430\u043f\u043a\u0435"}}, {"model": "chunks.chunk", "pk": 2, "fields": {"key": "description_footer", "content": "\u041f\u043e\u0434\u043f\u0438\u0441\u044c \u043a \u043b\u043e\u0433\u043e\u0442\u0438\u043f\u0443 \u0432 \u043f\u043e\u0434\u0432\u0430\u043b\u0435", "file": "", "description": "\u041f\u043e\u0434\u043f\u0438\u0441\u044c \u043a \u043b\u043e\u0433\u043e\u0442\u0438\u043f\u0443 \u0432 \u043f\u043e\u0434\u0432\u0430\u043b\u0435"}}, {"model": "chunks.chunk", "pk": 3, "fields": {"key": "privacy_policy", "content": "\u041d\u0430\u0436\u0438\u043c\u0430\u044f \u043a\u043d\u043e\u043f\u043a\u0443 \"\u041e\u0442\u043f\u0440\u0430\u0432\u0438\u0442\u044c\", \u0412\u044b \u043f\u0440\u0438\u043d\u0438\u043c\u0430\u0435\u0442\u0435 \u0443\u0441\u043b\u043e\u0432\u0438\u044f <a href=\"/privacy-policy\">\u041f\u043e\u043b\u0438\u0442\u0438\u043a\u0438 \u043a\u043e\u043d\u0444\u0438\u0434\u0435\u043d\u0446\u0438\u0430\u043b\u044c\u043d\u043e\u0441\u0442\u0438</a>.", "file": "", "description": "\u0424\u043e\u0440\u043c\u044b: \u0442\u0435\u043a\u0441\u0442 \u0441\u043e\u0433\u043b\u0430\u0441\u0438\u044f \u0441 \u043f\u043e\u043b\u0438\u0442\u043a\u043e\u0439 \u043a\u043e\u043d\u0444\u0438\u0434\u0435\u043d\u0446\u0438\u0430\u043b\u044c\u043d\u043e\u0441\u0442\u0438"}}, {"model": "chunks.chunk", "pk": 4, "fields": {"key": "name", "content": "\u041d\u0430\u0437\u0432\u0430\u043d\u0438\u0435 \u043e\u0440\u0433\u0430\u043d\u0438\u0437\u0430\u0446\u0438\u0438", "file": "", "description": "\u041e\u0440\u0433\u0430\u043d\u0438\u0437\u0430\u0446\u0438\u044f: \u043d\u0430\u0437\u0432\u0430\u043d\u0438\u0435"}}, {"model": "chunks.chunk", "pk": 5, "fields": {"key": "working_hours", "content": "\u043f\u043d-\u043f\u0442 9:00-18:00", "file": "", "description": "\u041e\u0440\u0433\u0430\u043d\u0438\u0437\u0430\u0446\u0438\u044f: \u0447\u0430\u0441\u044b \u0440\u0430\u0431\u043e\u0442\u044b"}}, {"model": "chunks.chunk", "pk": 6, "fields": {"key": "phone", "content": "+7 (351) 750-50-06", "file": "", "description": "\u041e\u0440\u0433\u0430\u043d\u0438\u0437\u0430\u0446\u0438\u044f: \u0442\u0435\u043b\u0435\u0444\u043e\u043d"}}, {"model": "chunks.chunk", "pk": 7, "fields": {"key": "email", "content": "info@redmediaonline.ru", "file": "", "description": "\u041e\u0440\u0433\u0430\u043d\u0438\u0437\u0430\u0446\u0438\u044f: e-mail"}}, {"model": "chunks.chunk", "pk": 8, "fields": {"key": "yandex_search_form", "content": "", "file": "", "description": "Yandex-\u043f\u043e\u0438\u0441\u043a: \u0441\u043a\u0440\u0438\u043f\u0442 \u0444\u043e\u0440\u043c\u044b"}}, {"model": "chunks.chunk", "pk": 9, "fields": {"key": "yandex_search_results", "content": "", "file": "", "description": "Yandex-\u043f\u043e\u0438\u0441\u043a: \u0441\u043a\u0440\u0438\u043f\u0442 \u0440\u0435\u0437\u0443\u043b\u044c\u0442\u0430\u0442\u043e\u0432 \u043f\u043e\u0438\u0441\u043a\u0430"}}, {"model": "chunks.chunk", "pk": 10, "fields": {"key": "address_postal_code", "content": "454080", "file": "", "description": "\u0410\u0434\u0440\u0435\u0441: \u043f\u043e\u0447\u0442\u043e\u0432\u044b\u0439 \u0438\u043d\u0434\u0435\u043a\u0441"}}, {"model": "chunks.chunk", "pk": 11, "fields": {"key": "address_city", "content": "\u0427\u0435\u043b\u044f\u0431\u0438\u043d\u0441\u043a", "file": "", "description": "\u0410\u0434\u0440\u0435\u0441: \u0433\u043e\u0440\u043e\u0434"}}, {"model": "chunks.chunk", "pk": 12, "fields": {"key": "address_street_and_home", "content": "\u0443\u043b. \u0421\u043e\u043d\u0438 \u041a\u0440\u0438\u0432\u043e\u0439 67-\u0430", "file": "", "description": "\u0410\u0434\u0440\u0435\u0441: \u0443\u043b\u0438\u0446\u0430, \u0434\u043e\u043c"}}, {"model": "chunks.chunk", "pk": 13, "fields": {"key": "developer_url", "content": "https://www.redmediaonline.ru/sozdanie-sajtov/", "file": "", "description": "\u0420\u0430\u0437\u0440\u0430\u0431\u043e\u0442\u0447\u0438\u043a: \u0441\u0441\u044b\u043b\u043a\u0430 \u043d\u0430 \u0441\u0430\u0439\u0442"}}, {"model": "chunks.chunk", "pk": 14, "fields": {"key": "developer_slogan", "content": "Redmedia", "file": "", "description": "\u0420\u0430\u0437\u0440\u0430\u0431\u043e\u0442\u0447\u0438\u043a: \u043f\u043e\u0434\u043f\u0438\u0441\u044c \u043a \u043b\u043e\u0433\u043e\u0442\u0438\u043f\u0443"}}, {"model": "chunks.chunk", "pk": 15, "fields": {"key": "end_of_head", "content": "", "file": "", "description": "\u0411\u043b\u043e\u043a \u043a\u043e\u043d\u0442\u0435\u043d\u0442\u0430 \u043f\u0435\u0440\u0435\u0434 </head>"}}, {"model": "chunks.chunk", "pk": 16, "fields": {"key": "top_of_body", "content": "", "file": "", "description": "\u0411\u043b\u043e\u043a \u043a\u043e\u043d\u0442\u0435\u043d\u0442\u0430 \u043f\u043e\u0441\u043b\u0435 <body>"}}, {"model": "chunks.chunk", "pk": 17, "fields": {"key": "end_of_body", "content": "", "file": "", "description": "\u0411\u043b\u043e\u043a \u043a\u043e\u043d\u0442\u0435\u043d\u0442\u0430 \u043f\u0435\u0440\u0435\u0434 </body>"}}, {"model": "treemenus.menuitem", "pk": 1, "fields": {"parent": null, "show": true, "caption": "\u041c\u0435\u043d\u044e \u0432 \u0448\u0430\u043f\u043a\u0435 \u0441\u0430\u0439\u0442\u0430", "add_caption": null, "url": "", "image": "", "level": 0, "rank": 0, "menu": 1}}, {"model": "treemenus.menuitem", "pk": 2, "fields": {"parent": 1, "show": true, "caption": "\u041d\u043e\u0432\u043e\u0441\u0442\u0438", "add_caption": null, "url": "/news/", "image": "", "level": 1, "rank": 0, "menu": 1}}, {"model": "treemenus.menuitem", "pk": 3, "fields": {"parent": 1, "show": true, "caption": "\u041a\u0430\u0442\u0430\u043b\u043e\u0433", "add_caption": null, "url": "/catalog/", "image": "", "level": 1, "rank": 1, "menu": 1}}, {"model": "treemenus.menuitem", "pk": 4, "fields": {"parent": 1, "show": true, "caption": "\u041e\u0447\u0435\u043d\u044c \u0434\u043b\u0438\u043d\u043d\u044b\u0439 \u043f\u0443\u043d\u043a\u0442 \u043c\u0435\u043d\u044e", "add_caption": null, "url": "/", "image": "", "level": 1, "rank": 2, "menu": 1}}, {"model": "treemenus.menuitem", "pk": 5, "fields": {"parent": 1, "show": true, "caption": "\u041a\u043e\u0440\u043e\u0442\u043a\u0438\u0439", "add_caption": null, "url": "/", "image": "", "level": 1, "rank": 3, "menu": 1}}, {"model": "treemenus.menuitem", "pk": 6, "fields": {"parent": 1, "show": true, "caption": "\u041f\u0443\u043d\u043a\u0442 \u043c\u0435\u043d\u044e", "add_caption": null, "url": "/", "image": "", "level": 1, "rank": 4, "menu": 1}}, {"model": "treemenus.menuitem", "pk": 7, "fields": {"parent": 1, "show": true, "caption": "\u0421\u043e\u0434\u0435\u0440\u0436\u0438\u0442 \u043f\u043e\u0434\u043f\u0443\u043d\u043a\u0442\u044b", "add_caption": null, "url": "/", "image": "", "level": 1, "rank": 5, "menu": 1}}, {"model": "treemenus.menuitem", "pk": 8, "fields": {"parent": 7, "show": true, "caption": "\u041f\u0443\u043d\u043a\u0442 \u043c\u0435\u043d\u044e", "add_caption": null, "url": "/", "image": "", "level": 2, "rank": 0, "menu": 1}}, {"model": "treemenus.menuitem", "pk": 9, "fields": {"parent": 7, "show": true, "caption": "\u041e\u0447\u0435\u043d\u044c \u0434\u043b\u0438\u043d\u043d\u044b\u0439 \u043f\u0443\u043d\u043a\u0442 \u043c\u0435\u043d\u044e", "add_caption": null, "url": "/", "image": "", "level": 2, "rank": 1, "menu": 1}}, {"model": "treemenus.menuitem", "pk": 10, "fields": {"parent": 7, "show": true, "caption": "\u041a\u043e\u0440\u043e\u0442\u043a\u0438\u0439", "add_caption": null, "url": "/", "image": "", "level": 2, "rank": 2, "menu": 1}}, {"model": "treemenus.menuitem", "pk": 11, "fields": {"parent": 7, "show": true, "caption": "\u041f\u0443\u043d\u043a\u0442 \u043c\u0435\u043d\u044e", "add_caption": null, "url": "/", "image": "", "level": 2, "rank": 3, "menu": 1}}, {"model": "treemenus.menuitem", "pk": 12, "fields": {"parent": 7, "show": true, "caption": "\u041f\u0443\u043d\u043a\u0442 \u043c\u0435\u043d\u044e", "add_caption": null, "url": "/", "image": "", "level": 2, "rank": 4, "menu": 1}}, {"model": "treemenus.menuitem", "pk": 13, "fields": {"parent": null, "show": true, "caption": "\u041c\u0435\u043d\u044e \u0432 \u043f\u043e\u0434\u0432\u0430\u043b\u0435 \u0441\u0430\u0439\u0442\u0430", "add_caption": null, "url": "", "image": "", "level": 0, "rank": 0, "menu": 2}}, {"model": "treemenus.menuitem", "pk": 14, "fields": {"parent": 13, "show": true, "caption": "\u0424\u0443\u0442\u0435\u0440 \u043c\u0435\u043d\u044e 1", "add_caption": null, "url": "/", "image": "", "level": 1, "rank": 0, "menu": 2}}, {"model": "treemenus.menuitem", "pk": 15, "fields": {"parent": 14, "show": true, "caption": "\u041f\u0443\u043d\u043a\u0442 \u043c\u0435\u043d\u044e", "add_caption": null, "url": "/", "image": "", "level": 2, "rank": 0, "menu": 2}}, {"model": "treemenus.menuitem", "pk": 16, "fields": {"parent": 14, "show": true, "caption": "\u041e\u0447\u0435\u043d\u044c \u0434\u043b\u0438\u043d\u043d\u044b\u0439 \u043f\u0443\u043d\u043a\u0442 \u043c\u0435\u043d\u044e", "add_caption": null, "url": "/", "image": "", "level": 2, "rank": 1, "menu": 2}}, {"model": "treemenus.menuitem", "pk": 17, "fields": {"parent": 14, "show": true, "caption": "\u041a\u043e\u0440\u043e\u0442\u043a\u0438\u0439", "add_caption": null, "url": "/", "image": "", "level": 2, "rank": 2, "menu": 2}}, {"model": "treemenus.menuitem", "pk": 18, "fields": {"parent": 14, "show": true, "caption": "\u041f\u0443\u043d\u043a\u0442 \u043c\u0435\u043d\u044e", "add_caption": null, "url": "/", "image": "", "level": 2, "rank": 3, "menu": 2}}, {"model": "treemenus.menuitem", "pk": 19, "fields": {"parent": 14, "show": true, "caption": "\u041f\u0443\u043d\u043a\u0442 \u043c\u0435\u043d\u044e", "add_caption": null, "url": "/", "image": "", "level": 2, "rank": 4, "menu": 2}}, {"model": "treemenus.menuitem", "pk": 20, "fields": {"parent": 14, "show": true, "caption": "\u041f\u0443\u043d\u043a\u0442 \u043c\u0435\u043d\u044e", "add_caption": null, "url": "/", "image": "", "level": 2, "rank": 5, "menu": 2}}, {"model": "treemenus.menuitem", "pk": 21, "fields": {"parent": 14, "show": true, "caption": "\u041f\u0443\u043d\u043a\u0442 \u043c\u0435\u043d\u044e", "add_caption": null, "url": "/", "image": "", "level": 2, "rank": 6, "menu": 2}}, {"model": "treemenus.menuitem", "pk": 22, "fields": {"parent": 13, "show": true, "caption": "\u0424\u0443\u0442\u0435\u0440 \u043c\u0435\u043d\u044e 2", "add_caption": null, "url": "/", "image": "", "level": 1, "rank": 1, "menu": 2}}, {"model": "treemenus.menuitem", "pk": 23, "fields": {"parent": 22, "show": true, "caption": "\u041f\u0443\u043d\u043a\u0442 \u043c\u0435\u043d\u044e", "add_caption": null, "url": "/", "image": "", "level": 2, "rank": 0, "menu": 2}}, {"model": "treemenus.menuitem", "pk": 24, "fields": {"parent": 22, "show": true, "caption": "\u041f\u0443\u043d\u043a\u0442 \u043c\u0435\u043d\u044e", "add_caption": null, "url": "/", "image": "", "level": 2, "rank": 1, "menu": 2}}, {"model": "treemenus.menuitem", "pk": 25, "fields": {"parent": 22, "show": true, "caption": "\u041f\u0443\u043d\u043a\u0442 \u043c\u0435\u043d\u044e", "add_caption": null, "url": "/", "image": "", "level": 2, "rank": 2, "menu": 2}}, {"model": "treemenus.menuitem", "pk": 26, "fields": {"parent": 22, "show": true, "caption": "\u041f\u0443\u043d\u043a\u0442 \u043c\u0435\u043d\u044e", "add_caption": null, "url": "/", "image": "", "level": 2, "rank": 3, "menu": 2}}, {"model": "treemenus.menuitem", "pk": 27, "fields": {"parent": 22, "show": true, "caption": "\u041f\u0443\u043d\u043a\u0442 \u043c\u0435\u043d\u044e", "add_caption": null, "url": "/", "image": "", "level": 2, "rank": 4, "menu": 2}}, {"model": "treemenus.menuitem", "pk": 28, "fields": {"parent": 22, "show": true, "caption": "\u041e\u0447\u0435\u043d\u044c \u0434\u043b\u0438\u043d\u043d\u044b\u0439 \u043f\u0443\u043d\u043a\u0442 \u043c\u0435\u043d\u044e", "add_caption": null, "url": "/", "image": "", "level": 2, "rank": 5, "menu": 2}}, {"model": "treemenus.menuitem", "pk": 29, "fields": {"parent": 22, "show": true, "caption": "\u041a\u043e\u0440\u043e\u0442\u043a\u0438\u0439", "add_caption": null, "url": "/", "image": "", "level": 2, "rank": 6, "menu": 2}}, {"model": "treemenus.menuitem", "pk": 30, "fields": {"parent": 13, "show": true, "caption": "\u0424\u0443\u0442\u0435\u0440 \u043c\u0435\u043d\u044e 3", "add_caption": null, "url": "/", "image": "", "level": 1, "rank": 2, "menu": 2}}, {"model": "treemenus.menuitem", "pk": 31, "fields": {"parent": 30, "show": true, "caption": "\u041a\u043e\u0440\u043e\u0442\u043a\u0438\u0439", "add_caption": null, "url": "/", "image": "", "level": 2, "rank": 0, "menu": 2}}, {"model": "treemenus.menuitem", "pk": 32, "fields": {"parent": 30, "show": true, "caption": "\u041f\u0443\u043d\u043a\u0442 \u043c\u0435\u043d\u044e", "add_caption": null, "url": "/", "image": "", "level": 2, "rank": 1, "menu": 2}}, {"model": "treemenus.menuitem", "pk": 33, "fields": {"parent": 30, "show": true, "caption": "\u041f\u0443\u043d\u043a\u0442 \u043c\u0435\u043d\u044e", "add_caption": null, "url": "/", "image": "", "level": 2, "rank": 2, "menu": 2}}, {"model": "treemenus.menuitem", "pk": 34, "fields": {"parent": 30, "show": true, "caption": "\u041e\u0447\u0435\u043d\u044c \u0434\u043b\u0438\u043d\u043d\u044b\u0439 \u043f\u0443\u043d\u043a\u0442 \u043c\u0435\u043d\u044e", "add_caption": null, "url": "/", "image": "", "level": 2, "rank": 3, "menu": 2}}, {"model": "treemenus.menuitem", "pk": 35, "fields": {"parent": 30, "show": true, "caption": "\u041e\u0447\u0435\u043d\u044c \u0434\u043b\u0438\u043d\u043d\u044b\u0439 \u043f\u0443\u043d\u043a\u0442 \u043c\u0435\u043d\u044e", "add_caption": null, "url": "/", "image": "", "level": 2, "rank": 4, "menu": 2}}, {"model": "treemenus.menuitem", "pk": 36, "fields": {"parent": 30, "show": true, "caption": "\u041e\u0447\u0435\u043d\u044c \u0434\u043b\u0438\u043d\u043d\u044b\u0439 \u043f\u0443\u043d\u043a\u0442 \u043c\u0435\u043d\u044e", "add_caption": null, "url": "/", "image": "", "level": 2, "rank": 5, "menu": 2}}, {"model": "treemenus.menuitem", "pk": 37, "fields": {"parent": 30, "show": true, "caption": "\u041a\u043e\u0440\u043e\u0442\u043a\u0438\u0439", "add_caption": null, "url": "/", "image": "", "level": 2, "rank": 6, "menu": 2}}, {"model": "treemenus.menu", "pk": 1, "fields": {"name": "header_menu", "root_item": 1}}, {"model": "treemenus.menu", "pk": 2, "fields": {"name": "footer_menu", "root_item": 13}}, {"model": "auth.permission", "pk": 1, "fields": {"name": "Can add FileBrowser", "content_type": 1, "codename": "add_filebrowser"}}, {"model": "auth.permission", "pk": 2, "fields": {"name": "Can change FileBrowser", "content_type": 1, "codename": "change_filebrowser"}}, {"model": "auth.permission", "pk": 3, "fields": {"name": "Can delete FileBrowser", "content_type": 1, "codename": "delete_filebrowser"}}, {"model": "auth.permission", "pk": 4, "fields": {"name": "Can add log entry", "content_type": 2, "codename": "add_logentry"}}, {"model": "auth.permission", "pk": 5, "fields": {"name": "Can change log entry", "content_type": 2, "codename": "change_logentry"}}, {"model": "auth.permission", "pk": 6, "fields": {"name": "Can delete log entry", "content_type": 2, "codename": "delete_logentry"}}, {"model": "auth.permission", "pk": 7, "fields": {"name": "Can add group", "content_type": 3, "codename": "add_group"}}, {"model": "auth.permission", "pk": 8, "fields": {"name": "Can change group", "content_type": 3, "codename": "change_group"}}, {"model": "auth.permission", "pk": 9, "fields": {"name": "Can delete group", "content_type": 3, "codename": "delete_group"}}, {"model": "auth.permission", "pk": 10, "fields": {"name": "Can add permission", "content_type": 4, "codename": "add_permission"}}, {"model": "auth.permission", "pk": 11, "fields": {"name": "Can change permission", "content_type": 4, "codename": "change_permission"}}, {"model": "auth.permission", "pk": 12, "fields": {"name": "Can delete permission", "content_type": 4, "codename": "delete_permission"}}, {"model": "auth.permission", "pk": 13, "fields": {"name": "Can add user", "content_type": 5, "codename": "add_user"}}, {"model": "auth.permission", "pk": 14, "fields": {"name": "Can change user", "content_type": 5, "codename": "change_user"}}, {"model": "auth.permission", "pk": 15, "fields": {"name": "Can delete user", "content_type": 5, "codename": "delete_user"}}, {"model": "auth.permission", "pk": 16, "fields": {"name": "Can add content type", "content_type": 6, "codename": "add_contenttype"}}, {"model": "auth.permission", "pk": 17, "fields": {"name": "Can change content type", "content_type": 6, "codename": "change_contenttype"}}, {"model": "auth.permission", "pk": 18, "fields": {"name": "Can delete content type", "content_type": 6, "codename": "delete_contenttype"}}, {"model": "auth.permission", "pk": 19, "fields": {"name": "Can add session", "content_type": 7, "codename": "add_session"}}, {"model": "auth.permission", "pk": 20, "fields": {"name": "Can change session", "content_type": 7, "codename": "change_session"}}, {"model": "auth.permission", "pk": 21, "fields": {"name": "Can delete session", "content_type": 7, "codename": "delete_session"}}, {"model": "auth.permission", "pk": 22, "fields": {"name": "Can add site", "content_type": 8, "codename": "add_site"}}, {"model": "auth.permission", "pk": 23, "fields": {"name": "Can change site", "content_type": 8, "codename": "change_site"}}, {"model": "auth.permission", "pk": 24, "fields": {"name": "Can delete site", "content_type": 8, "codename": "delete_site"}}, {"model": "auth.permission", "pk": 25, "fields": {"name": "Can add redirect", "content_type": 9, "codename": "add_redirect"}}, {"model": "auth.permission", "pk": 26, "fields": {"name": "Can change redirect", "content_type": 9, "codename": "change_redirect"}}, {"model": "auth.permission", "pk": 27, "fields": {"name": "Can delete redirect", "content_type": 9, "codename": "delete_redirect"}}, {"model": "auth.permission", "pk": 28, "fields": {"name": "Can add \u0441\u0442\u0440\u0430\u043d\u0438\u0446\u0430 \u043e\u0448\u0438\u0431\u043a\u0438", "content_type": 10, "codename": "add_errorpage"}}, {"model": "auth.permission", "pk": 29, "fields": {"name": "Can change \u0441\u0442\u0440\u0430\u043d\u0438\u0446\u0430 \u043e\u0448\u0438\u0431\u043a\u0438", "content_type": 10, "codename": "change_errorpage"}}, {"model": "auth.permission", "pk": 30, "fields": {"name": "Can delete \u0441\u0442\u0440\u0430\u043d\u0438\u0446\u0430 \u043e\u0448\u0438\u0431\u043a\u0438", "content_type": 10, "codename": "delete_errorpage"}}, {"model": "auth.permission", "pk": 31, "fields": {"name": "Can add \u043d\u0430\u0441\u0442\u0440\u043e\u0439\u043a\u0438 \u0434\u043e\u043c\u0435\u043d\u0430", "content_type": 11, "codename": "add_sitesettings"}}, {"model": "auth.permission", "pk": 32, "fields": {"name": "Can change \u043d\u0430\u0441\u0442\u0440\u043e\u0439\u043a\u0438 \u0434\u043e\u043c\u0435\u043d\u0430", "content_type": 11, "codename": "change_sitesettings"}}, {"model": "auth.permission", "pk": 33, "fields": {"name": "Can delete \u043d\u0430\u0441\u0442\u0440\u043e\u0439\u043a\u0438 \u0434\u043e\u043c\u0435\u043d\u0430", "content_type": 11, "codename": "delete_sitesettings"}}, {"model": "auth.permission", "pk": 34, "fields": {"name": "Can add News", "content_type": 12, "codename": "add_news"}}, {"model": "auth.permission", "pk": 35, "fields": {"name": "Can change News", "content_type": 12, "codename": "change_news"}}, {"model": "auth.permission", "pk": 36, "fields": {"name": "Can delete News", "content_type": 12, "codename": "delete_news"}}, {"model": "auth.permission", "pk": 37, "fields": {"name": "Can add \u0421\u0442\u0440\u0430\u043d\u0438\u0446\u0430 \u0441\u043f\u0438\u0441\u043a\u0430 \u043d\u043e\u0432\u043e\u0441\u0442\u0435\u0439", "content_type": 13, "codename": "add_newsroot"}}, {"model": "auth.permission", "pk": 38, "fields": {"name": "Can change \u0421\u0442\u0440\u0430\u043d\u0438\u0446\u0430 \u0441\u043f\u0438\u0441\u043a\u0430 \u043d\u043e\u0432\u043e\u0441\u0442\u0435\u0439", "content_type": 13, "codename": "change_newsroot"}}, {"model": "auth.permission", "pk": 39, "fields": {"name": "Can delete \u0421\u0442\u0440\u0430\u043d\u0438\u0446\u0430 \u0441\u043f\u0438\u0441\u043a\u0430 \u043d\u043e\u0432\u043e\u0441\u0442\u0435\u0439", "content_type": 13, "codename": "delete_newsroot"}}, {"model": "auth.permission", "pk": 40, "fields": {"name": "Can add page", "content_type": 14, "codename": "add_page"}}, {"model": "auth.permission", "pk": 41, "fields": {"name": "Can change page", "content_type": 14, "codename": "change_page"}}, {"model": "auth.permission", "pk": 42, "fields": {"name": "Can delete page", "content_type": 14, "codename": "delete_page"}}, {"model": "auth.permission", "pk": 43, "fields": {"name": "Can freeze page", "content_type": 14, "codename": "can_freeze"}}, {"model": "auth.permission", "pk": 44, "fields": {"name": "Can publish page", "content_type": 14, "codename": "can_publish"}}, {"model": "auth.permission", "pk": 45, "fields": {"name": "Manage Russian", "content_type": 14, "codename": "can_manage_ru"}}, {"model": "auth.permission", "pk": 46, "fields": {"name": "Can add page alias", "content_type": 15, "codename": "add_pagealias"}}, {"model": "auth.permission", "pk": 47, "fields": {"name": "Can change page alias", "content_type": 15, "codename": "change_pagealias"}}, {"model": "auth.permission", "pk": 48, "fields": {"name": "Can delete page alias", "content_type": 15, "codename": "delete_pagealias"}}, {"model": "auth.permission", "pk": 49, "fields": {"name": "Can add media", "content_type": 16, "codename": "add_media"}}, {"model": "auth.permission", "pk": 50, "fields": {"name": "Can change media", "content_type": 16, "codename": "change_media"}}, {"model": "auth.permission", "pk": 51, "fields": {"name": "Can delete media", "content_type": 16, "codename": "delete_media"}}, {"model": "auth.permission", "pk": 52, "fields": {"name": "Can add content", "content_type": 17, "codename": "add_content"}}, {"model": "auth.permission", "pk": 53, "fields": {"name": "Can change content", "content_type": 17, "codename": "change_content"}}, {"model": "auth.permission", "pk": 54, "fields": {"name": "Can delete content", "content_type": 17, "codename": "delete_content"}}, {"model": "auth.permission", "pk": 55, "fields": {"name": "Can add Email address", "content_type": 18, "codename": "add_feedbackemail"}}, {"model": "auth.permission", "pk": 56, "fields": {"name": "Can change Email address", "content_type": 18, "codename": "change_feedbackemail"}}, {"model": "auth.permission", "pk": 57, "fields": {"name": "Can delete Email address", "content_type": 18, "codename": "delete_feedbackemail"}}, {"model": "auth.permission", "pk": 58, "fields": {"name": "Can add Mailing list", "content_type": 19, "codename": "add_mailinglist"}}, {"model": "auth.permission", "pk": 59, "fields": {"name": "Can change Mailing list", "content_type": 19, "codename": "change_mailinglist"}}, {"model": "auth.permission", "pk": 60, "fields": {"name": "Can delete Mailing list", "content_type": 19, "codename": "delete_mailinglist"}}, {"model": "auth.permission", "pk": 61, "fields": {"name": "Can add Chunk", "content_type": 20, "codename": "add_chunk"}}, {"model": "auth.permission", "pk": 62, "fields": {"name": "Can change Chunk", "content_type": 20, "codename": "change_chunk"}}, {"model": "auth.permission", "pk": 63, "fields": {"name": "Can delete Chunk", "content_type": 20, "codename": "delete_chunk"}}, {"model": "auth.permission", "pk": 64, "fields": {"name": "Can add Menu", "content_type": 21, "codename": "add_menu"}}, {"model": "auth.permission", "pk": 65, "fields": {"name": "Can change Menu", "content_type": 21, "codename": "change_menu"}}, {"model": "auth.permission", "pk": 66, "fields": {"name": "Can delete Menu", "content_type": 21, "codename": "delete_menu"}}, {"model": "auth.permission", "pk": 67, "fields": {"name": "Can add menu item", "content_type": 22, "codename": "add_menuitem"}}, {"model": "auth.permission", "pk": 68, "fields": {"name": "Can change menu item", "content_type": 22, "codename": "change_menuitem"}}, {"model": "auth.permission", "pk": 69, "fields": {"name": "Can delete menu item", "content_type": 22, "codename": "delete_menuitem"}}, {"model": "auth.permission", "pk": 70, "fields": {"name": "Can add Catalog structure", "content_type": 23, "codename": "add_treeitem"}}, {"model": "auth.permission", "pk": 71, "fields": {"name": "Can change Catalog structure", "content_type": 23, "codename": "change_treeitem"}}, {"model": "auth.permission", "pk": 72, "fields": {"name": "Can delete Catalog structure", "content_type": 23, "codename": "delete_treeitem"}}, {"model": "auth.permission", "pk": 73, "fields": {"name": "Can add \u0442\u043e\u0432\u0430\u0440", "content_type": 24, "codename": "add_product"}}, {"model": "auth.permission", "pk": 74, "fields": {"name": "Can change \u0442\u043e\u0432\u0430\u0440", "content_type": 24, "codename": "change_product"}}, {"model": "auth.permission", "pk": 75, "fields": {"name": "Can delete \u0442\u043e\u0432\u0430\u0440", "content_type": 24, "codename": "delete_product"}}, {"model": "auth.permission", "pk": 76, "fields": {"name": "Can add \u043a\u043e\u0440\u043d\u0435\u0432\u0430\u044f \u0441\u0442\u0440\u0430\u043d\u0438\u0446\u0430", "content_type": 25, "codename": "add_root"}}, {"model": "auth.permission", "pk": 77, "fields": {"name": "Can change \u043a\u043e\u0440\u043d\u0435\u0432\u0430\u044f \u0441\u0442\u0440\u0430\u043d\u0438\u0446\u0430", "content_type": 25, "codename": "change_root"}}, {"model": "auth.permission", "pk": 78, "fields": {"name": "Can delete \u043a\u043e\u0440\u043d\u0435\u0432\u0430\u044f \u0441\u0442\u0440\u0430\u043d\u0438\u0446\u0430", "content_type": 25, "codename": "delete_root"}}, {"model": "auth.permission", "pk": 79, "fields": {"name": "Can add \u0440\u0430\u0437\u0434\u0435\u043b", "content_type": 26, "codename": "add_section"}}, {"model": "auth.permission", "pk": 80, "fields": {"name": "Can change \u0440\u0430\u0437\u0434\u0435\u043b", "content_type": 26, "codename": "change_section"}}, {"model": "auth.permission", "pk": 81, "fields": {"name": "Can delete \u0440\u0430\u0437\u0434\u0435\u043b", "content_type": 26, "codename": "delete_section"}}, {"model": "auth.permission", "pk": 82, "fields": {"name": "Can add \u0410\u0440\u0445\u0438\u0432 \u0432\u043b\u043e\u0436\u0435\u043d\u0438\u0439", "content_type": 27, "codename": "add_attachmentarchive"}}, {"model": "auth.permission", "pk": 83, "fields": {"name": "Can change \u0410\u0440\u0445\u0438\u0432 \u0432\u043b\u043e\u0436\u0435\u043d\u0438\u0439", "content_type": 27, "codename": "change_attachmentarchive"}}, {"model": "auth.permission", "pk": 84, "fields": {"name": "Can delete \u0410\u0440\u0445\u0438\u0432 \u0432\u043b\u043e\u0436\u0435\u043d\u0438\u0439", "content_type": 27, "codename": "delete_attachmentarchive"}}, {"model": "auth.permission", "pk": 85, "fields": {"name": "Can add image", "content_type": 28, "codename": "add_attachmentimage"}}, {"model": "auth.permission", "pk": 86, "fields": {"name": "Can change image", "content_type": 28, "codename": "change_attachmentimage"}}, {"model": "auth.permission", "pk": 87, "fields": {"name": "Can delete image", "content_type": 28, "codename": "delete_attachmentimage"}}, {"model": "auth.permission", "pk": 88, "fields": {"name": "Can add file", "content_type": 29, "codename": "add_attachmentfile"}}, {"model": "auth.permission", "pk": 89, "fields": {"name": "Can change file", "content_type": 29, "codename": "change_attachmentfile"}}, {"model": "auth.permission", "pk": 90, "fields": {"name": "Can delete file", "content_type": 29, "codename": "delete_attachmentfile"}}, {"model": "auth.permission", "pk": 91, "fields": {"name": "Can add URL", "content_type": 30, "codename": "add_url"}}, {"model": "auth.permission", "pk": 92, "fields": {"name": "Can change URL", "content_type": 30, "codename": "change_url"}}, {"model": "auth.permission", "pk": 93, "fields": {"name": "Can delete URL", "content_type": 30, "codename": "delete_url"}}, {"model": "auth.permission", "pk": 94, "fields": {"name": "Can add SEO fields", "content_type": 31, "codename": "add_seo"}}, {"model": "auth.permission", "pk": 95, "fields": {"name": "Can change SEO fields", "content_type": 31, "codename": "change_seo"}}, {"model": "auth.permission", "pk": 96, "fields": {"name": "Can delete SEO fields", "content_type": 31, "codename": "delete_seo"}}, {"model": "auth.user", "pk": 1, "fields": {"password": "pbkdf2_sha256$36000$FdGkj7q7pQk1$qVRZSLpubFK3LhZYJKHMGt/owipYRVbmNWwUtQmzYi4=", "last_login": null, "is_superuser": true, "username": "admin", "first_name": "", "last_name": "", "email": "admin@mail.ru", "is_staff": true, "is_active": true, "date_joined": "2019-11-27T06:42:15.238Z", "groups": [], "user_permissions": []}}, {"model": "pages.page", "pk": 1, "fields": {"uuid": "6571ff25-9013-4156-86eb-5f67210688b3", "author": 1, "parent": null, "creation_date": "2019-11-27T06:42:15.500Z", "publication_date": "2019-11-27T06:42:15.500Z", "publication_end_date": null, "last_modification_date": "2019-11-27T06:42:15.500Z", "status": 1, "template": "pages/default.html", "delegate_to": null, "freeze_date": null, "redirect_to_url": null, "redirect_to": null, "lft": 1, "rght": 2, "tree_id": 1, "level": 0}}]